ACCELEROMETER X (m/s²),ACCELEROMETER Y (m/s²),ACCELEROMETER Z (m/s²),GRAVITY X (m/s²),GRAVITY Y (m/s²),GRAVITY Z (m/s²),LINEAR ACCELERATION X (m/s²),LINEAR ACCELERATION Y (m/s²),LINEAR ACCELERATION Z (m/s²),GYROSCOPE X (rad/s),GYROSCOPE Y (rad/s),GYROSCOPE Z (rad/s),LIGHT (lux),MAGNETIC FIELD X (μT),MAGNETIC FIELD Y (μT),MAGNETIC FIELD Z (μT),ORIENTATION Z (azimuth °),ORIENTATION X (pitch °),ORIENTATION Y (roll °),PROXIMITY (m),SOUND LEVEL (dB),LOCATION Latitude : ,LOCATION Longitude : ,LOCATION Altitude ( m),LOCATION Altitude-google ( m),LOCATION Speed ( Kmh),LOCATION Accuracy ( m),LOCATION ORIENTATION (°),Satellites in range,Time since start in ms ,YYYY-MO-DD HH-MI-SS_SSS
0.0368,0.1106,9.7682,0.152,0.0602,9.8052,-0.1152,0.0504,-0.037,2.0E-4,2.0E-4,0.0073,25.0,-54.71,-123.48,-26.3,156.04,-0.35,-0.91,4.0,74.153,32.77658,35.005676,,303.5619507,,28.855,,0 / 0,12,2015-08-10 08:27:09:213
0.0512,0.0723,9.8568,0.1498,0.0617,9.8053,-0.0986,0.0106,0.0515,2.0E-4,2.0E-4,0.0073,25.0,-54.47,-123.14,-25.63,156.43,-0.35,-0.89,4.0,74.153,32.77658,35.005676,,303.5619507,,28.855,,0 / 0,111,2015-08-10 08:27:09:312
0.1015,0.0316,9.7802,0.1466,0.0634,9.8053,-0.0452,-0.0319,-0.0251,2.0E-4,-8.0E-4,0.0094,25.0,-54.28,-123.28,-25.67,156.43,-0.36,-0.88,4.0,71.689,32.77658,35.005676,,303.5619507,,28.855,,0 / 0,212,2015-08-10 08:27:09:413
0.1015,0.0316,9.7802,0.1466,0.0634,9.8053,-0.0452,-0.0319,-0.0251,2.0E-4,-8.0E-4,0.0073,25.0,-54.28,-123.28,-25.67,156.43,-0.36,-0.88,4.0,71.689,32.77658,35.005676,,303.5619507,,28.855,,0 / 0,312,2015-08-10 08:27:09:513
0.1326,0.0412,9.761,0.1447,0.064,9.8053,-0.0121,-0.0229,-0.0443,0.0012,-8.0E-4,0.0073,25.0,-54.23,-123.66,-26.09,156.59,-0.37,-0.86,4.0,71.689,32.77658,35.005676,,303.5619507,,28.855,,0 / 0,411,2015-08-10 08:27:09:612
0.0727,0.0603,9.8137,0.1435,0.0637,9.8053,-0.0708,-0.0034,0.0084,0.0012,-8.0E-4,0.0073,25.0,-53.75,-123.75,-26.36,156.59,-0.37,-0.85,4.0,55.417,32.77658,35.005676,,303.5619507,,28.855,,0 / 0,511,2015-08-10 08:27:09:712
0.0727,0.0603,9.8137,0.1435,0.0637,9.8053,-0.0708,-0.0034,0.0084,-9.0E-4,-0.0019,0.0073,25.0,-53.75,-123.75,-26.36,156.59,-0.37,-0.85,4.0,55.417,32.77658,35.005676,,303.5619507,,28.855,,0 / 0,612,2015-08-10 08:27:09:813
0.0536,0.0747,9.8017,0.1408,0.0651,9.8053,-0.0872,0.0096,-0.0036,2.0E-4,2.0E-4,0.0062,25.0,-53.43,-123.55,-26.75,156.98,-0.37,-0.84,4.0,55.417,32.77658,35.005676,,303.5619507,,28.855,,0 / 0,712,2015-08-10 08:27:09:913
0.0631,0.0268,9.773,0.1389,0.0666,9.8053,-0.0757,-0.0398,-0.0323,2.0E-4,2.0E-4,0.0062,25.0,-53.75,-123.52,-26.52,156.59,-0.38,-0.82,4.0,69.842,32.77658,35.005676,,303.5619507,,28.855,,0 / 0,812,2015-08-10 08:27:10:013
0.0679,0.0627,9.8185,0.1375,0.0672,9.8055,-0.0696,-0.0045,0.013,0.0012,-0.0019,0.0084,25.0,-54.3,-123.51,-26.32,156.58,-0.39,-0.81,4.0,69.842,32.77658,35.005676,,303.5619507,,28.855,,0 / 0,912,2015-08-10 08:27:10:113
0.0679,0.0627,9.8185,0.1375,0.0672,9.8055,-0.0696,-0.0045,0.013,0.0023,-8.0E-4,0.0073,25.0,-54.3,-123.51,-26.32,156.58,-0.39,-0.81,4.0,69.842,32.77658,35.005676,,303.5619507,,28.855,,0 / 0,1012,2015-08-10 08:27:10:213
0.0248,0.0603,9.8089,0.1354,0.0667,9.8055,-0.1106,-0.0064,0.0034,0.0013,-8.0E-4,0.0083,25.0,-54.52,-123.73,-26.1,156.19,-0.39,-0.8,4.0,74.012,32.77658,35.005676,,303.5619507,,28.855,,0 / 0,1111,2015-08-10 08:27:10:312
0.0464,0.1082,9.8041,0.1323,0.0691,9.8055,-0.0859,0.0391,-0.0013,0.0013,-8.0E-4,0.0083,25.0,-54.19,-124.01,-26.16,156.58,-0.39,-0.79,4.0,74.012,32.77658,35.005676,,303.5619507,,28.855,,0 / 0,1211,2015-08-10 08:27:10:412
0.0464,0.1082,9.8041,0.1323,0.0691,9.8055,-0.0859,0.0391,-0.0013,0.0023,-0.0019,0.0073,25.0,-54.19,-124.01,-26.16,156.58,-0.39,-0.79,4.0,74.012,32.77658,35.005676,,303.5619507,,28.855,,0 / 0,1312,2015-08-10 08:27:10:513
0.0919,0.0723,9.8688,0.1309,0.0721,9.8055,-0.0391,1.0E-4,0.0633,-9.0E-4,-8.0E-4,0.0062,25.0,-54.03,-123.74,-26.32,156.57,-0.4,-0.77,4.0,68.626,32.77658,35.005676,,303.5619507,,28.855,,0 / 0,1412,2015-08-10 08:27:10:613
0.0847,0.0459,9.8903,0.1296,0.0735,9.8055,-0.0449,-0.0275,0.0848,-9.0E-4,-8.0E-4,0.0062,25.0,-53.88,-123.71,-26.22,156.57,-0.42,-0.77,4.0,68.626,32.77658,35.005676,,303.5619507,,28.855,,0 / 0,1512,2015-08-10 08:27:10:713
0.0464,0.0364,9.8304,0.1284,0.0736,9.8055,-0.082,-0.0373,0.025,2.0E-4,-8.0E-4,0.0094,25.0,-53.6,-123.73,-25.72,156.57,-0.43,-0.76,4.0,68.626,32.77658,35.005676,,303.5619507,,28.855,,0 / 0,1612,2015-08-10 08:27:10:813
0.0464,0.0364,9.8304,0.1284,0.0736,9.8055,-0.082,-0.0373,0.025,0.0013,0.0013,0.0094,25.0,-53.6,-123.73,-25.72,156.57,-0.43,-0.76,4.0,64.151,32.77658,35.005676,,303.5619507,,28.855,,0 / 0,1712,2015-08-10 08:27:10:913
0.0608,0.0723,9.8185,0.126,0.0739,9.8055,-0.0652,-0.0016,0.013,2.0E-4,2.0E-4,0.0083,25.0,-53.71,-123.4,-25.98,156.4,-0.43,-0.75,4.0,64.151,32.77658,35.005676,,303.5619507,,28.855,,0 / 0,1812,2015-08-10 08:27:11:013
0.0488,0.0555,9.7035,0.1235,0.0751,9.8055,-0.0747,-0.0196,-0.1019,2.0E-4,2.0E-4,0.0083,25.0,-53.43,-123.22,-26.36,156.79,-0.43,-0.74,4.0,64.151,32.77658,35.005676,,303.5619507,,28.855,,0 / 0,1912,2015-08-10 08:27:11:113
0.0488,0.0555,9.7035,0.1235,0.0751,9.8055,-0.0747,-0.0196,-0.1019,0.0023,-8.0E-4,0.0094,25.0,-53.43,-123.22,-26.36,156.79,-0.43,-0.74,4.0,71.992,32.77658,35.005676,,303.5619507,,28.855,,0 / 0,2011,2015-08-10 08:27:11:212
0.1062,0.0795,9.8664,0.12,0.0759,9.8056,-0.0138,0.0036,0.0608,0.0023,-0.0019,0.0094,25.0,-53.42,-122.95,-26.69,156.79,-0.44,-0.72,4.0,71.992,32.77658,35.005676,,303.5619507,,28.855,,0 / 0,2111,2015-08-10 08:27:11:312
0.0248,0.0579,9.8017,0.1197,0.0763,9.8056,-0.0949,-0.0184,-0.0039,0.0023,-0.0019,0.0094,25.0,-53.23,-123.04,-26.79,156.78,-0.44,-0.7,4.0,71.992,32.77658,35.005676,,303.5619507,,28.855,,0 / 0,2212,2015-08-10 08:27:11:413
0.0248,0.0699,9.7251,0.1176,0.0775,9.8056,-0.0928,-0.0076,-0.0805,0.0013,-0.0019,0.0083,25.0,-53.25,-123.26,-27.12,156.78,-0.45,-0.7,4.0,71.992,32.77658,35.005676,,303.5619507,,28.855,,0 / 0,2312,2015-08-10 08:27:11:513
0.0248,0.0699,9.7251,0.1176,0.0775,9.8056,-0.0928,-0.0076,-0.0805,0.0013,2.0E-4,0.0083,25.0,-53.25,-123.26,-27.12,156.78,-0.45,-0.7,4.0,73.212,32.77658,35.005676,,303.5619507,,28.855,,0 / 0,2411,2015-08-10 08:27:11:612
0.056,0.0771,9.7802,0.1158,0.0786,9.8056,-0.0599,-0.0015,-0.0254,2.0E-4,-8.0E-4,0.0083,24.0,-54.16,-123.52,-27.05,156.56,-0.45,-0.69,4.0,73.212,32.77658,35.005676,,303.5619507,,28.855,,0 / 0,2511,2015-08-10 08:27:11:712
0.1182,0.0483,9.8616,0.1139,0.0802,9.8056,0.0043,-0.0319,0.056,2.0E-4,-8.0E-4,0.0083,24.0,-54.6,-123.98,-26.68,156.17,-0.46,-0.68,4.0,73.212,32.77658,35.005676,,303.5619507,,28.855,,0 / 0,2612,2015-08-10 08:27:11:813
0.1182,0.0483,9.8616,0.1139,0.0802,9.8056,0.0043,-0.0319,0.056,0.0013,-8.0E-4,0.0083,24.0,-54.6,-123.98,-26.68,156.17,-0.46,-0.68,4.0,70.605,32.77658,35.005676,,303.5619507,,28.855,,0 / 0,2712,2015-08-10 08:27:11:913
0.0847,0.0435,9.8592,0.1127,0.0811,9.8056,-0.028,-0.0376,0.0536,0.0013,-0.003,0.0105,24.0,-54.61,-124.06,-26.7,156.16,-0.47,-0.67,4.0,70.605,32.77658,35.005676,,303.5619507,,28.855,,0 / 0,2812,2015-08-10 08:27:12:013
-0.0015,0.0986,9.8137,0.1127,0.0798,9.8056,-0.1142,0.0189,0.0081,0.0013,-0.003,0.0105,24.0,-54.14,-123.7,-27.03,156.55,-0.47,-0.66,4.0,70.605,32.77658,35.005676,,303.5619507,,28.855,,0 / 0,2912,2015-08-10 08:27:12:113
0.0368,-0.0091,9.8304,0.1118,0.0804,9.8056,-0.075,-0.0895,0.0248,0.0013,0.0013,0.0073,24.0,-54.54,-123.31,-27.31,155.99,-0.47,-0.66,4.0,72.977,32.77658,35.005676,,303.5619507,,28.855,,0 / 0,3012,2015-08-10 08:27:12:213
0.0368,-0.0091,9.8304,0.1118,0.0804,9.8056,-0.075,-0.0895,0.0248,0.0013,-8.0E-4,0.0083,24.0,-54.54,-123.31,-27.31,155.99,-0.47,-0.66,4.0,72.977,32.77658,35.005676,,303.5619507,,28.855,,0 / 0,3112,2015-08-10 08:27:12:313
0.0608,-0.0163,9.8137,0.1104,0.078,9.8056,-0.0497,-0.0943,0.0081,0.0013,-8.0E-4,0.0105,24.0,-54.53,-123.01,-27.01,155.99,-0.47,-0.65,4.0,72.977,32.77658,35.005676,,303.5619507,,28.855,,0 / 0,3211,2015-08-10 08:27:12:412
0.0631,0.0124,9.7778,0.1088,0.078,9.8056,-0.0456,-0.0655,-0.0278,0.0013,-8.0E-4,0.0105,24.0,-53.83,-122.92,-26.42,156.38,-0.46,-0.65,4.0,65.356,32.77658,35.005676,,303.5619507,,28.855,,0 / 0,3311,2015-08-10 08:27:12:512
0.0631,0.0124,9.7778,0.1088,0.078,9.8056,-0.0456,-0.0655,-0.0278,2.0E-4,2.0E-4,0.0094,24.0,-53.83,-122.92,-26.42,156.38,-0.46,-0.65,4.0,65.356,32.77658,35.005676,,303.5619507,,28.855,,0 / 0,3412,2015-08-10 08:27:12:613
0.0296,0.034,9.8879,0.1077,0.0783,9.8058,-0.0781,-0.0443,0.0822,0.0023,2.0E-4,0.0083,24.0,-53.77,-123.1,-26.52,156.38,-0.46,-0.64,4.0,65.356,32.77658,35.005676,,303.5619507,,28.855,,0 / 0,3511,2015-08-10 08:27:12:712
0.1565,0.0938,9.8304,0.1061,0.0793,9.8058,0.0504,0.0145,0.0247,0.0023,2.0E-4,0.0083,24.0,-54.29,-123.48,-26.55,156.38,-0.46,-0.63,4.0,67.711,32.77658,35.005676,,303.5619507,,28.855,,0 / 0,3611,2015-08-10 08:27:12:812
-0.0063,0.0507,9.7826,0.1076,0.0798,9.8056,-0.1139,-0.029,-0.023,2.0E-4,-1.0E-4,8.0E-4,23.0,-54.82,-123.67,-26.18,156.15,-0.46,-0.62,4.0,67.711,32.77658,35.005676,,303.5619507,,28.855,,0 / 0,3712,2015-08-10 08:27:12:913
-0.0063,0.0507,9.7826,0.1076,0.0798,9.8056,-0.1139,-0.029,-0.023,-9.0E-4,-1.0E-4,-0.0024,23.0,-54.82,-123.67,-26.18,156.15,-0.46,-0.62,4.0,67.711,32.77658,35.005676,,303.5619507,,28.855,,0 / 0,3812,2015-08-10 08:27:13:013
0.0368,0.0866,9.8376,0.1047,0.0784,9.8058,-0.0679,0.0082,0.0319,-9.0E-4,-0.0012,-0.0013,23.0,-54.88,-123.21,-26.51,155.98,-0.47,-0.63,4.0,71.334,32.77658,35.005676,,303.5619507,,28.855,,0 / 0,3911,2015-08-10 08:27:13:112
0.0608,0.0148,9.8448,0.1027,0.0771,9.8058,-0.0419,-0.0622,0.0391,-9.0E-4,-0.0012,-0.0013,23.0,-54.63,-123.45,-26.57,155.98,-0.46,-0.61,4.0,71.334,32.77658,35.005676,,303.5619507,,28.855,,0 / 0,4012,2015-08-10 08:27:13:213
0.0608,0.0148,9.8448,0.1027,0.0771,9.8058,-0.0419,-0.0622,0.0391,-9.0E-4,0.002,-3.0E-4,23.0,-54.63,-123.45,-26.57,155.98,-0.46,-0.61,4.0,71.334,32.77658,35.005676,,303.5619507,,28.855,,0 / 0,4111,2015-08-10 08:27:13:312
0.0871,0.0244,9.7945,0.0991,0.0738,9.8058,-0.012,-0.0494,-0.0112,2.0E-4,-1.0E-4,-0.0013,23.0,-54.46,-123.07,-26.44,156.37,-0.45,-0.6,4.0,74.839,32.77658,35.005676,,303.5619507,,28.855,,0 / 0,4212,2015-08-10 08:27:13:413
0.1302,0.0196,9.9142,0.0968,0.0712,9.8059,0.0334,-0.0516,0.1083,2.0E-4,-1.0E-4,-0.0013,23.0,-54.72,-122.71,-26.56,155.98,-0.43,-0.58,4.0,74.839,32.77658,35.005676,,303.5619507,,28.855,,0 / 0,4312,2015-08-10 08:27:13:513
0.0751,0.0771,9.7586,0.097,0.0681,9.8059,-0.0218,0.009,-0.0473,-9.0E-4,0.0041,8.0E-4,23.0,-54.26,-123.08,-26.86,156.37,-0.42,-0.57,4.0,74.839,32.77658,35.005676,,303.5619507,,28.855,,0 / 0,4412,2015-08-10 08:27:13:613
0.0751,0.0771,9.7586,0.097,0.0681,9.8059,-0.0218,0.009,-0.0473,0.0012,-0.0012,-3.0E-4,23.0,-54.26,-123.08,-26.86,156.37,-0.42,-0.57,4.0,75.823,32.77658,35.005676,,303.5619507,,28.855,,0 / 0,4512,2015-08-10 08:27:13:713
9.0E-4,0.101,9.8352,0.0968,0.0672,9.8059,-0.0959,0.0338,0.0293,2.0E-4,0.002,8.0E-4,23.0,-54.08,-123.54,-26.81,156.54,-0.4,-0.57,4.0,75.823,32.77658,35.005676,,303.5619507,,28.855,,0 / 0,4612,2015-08-10 08:27:13:813
0.056,0.0962,9.8448,0.0938,0.0672,9.8059,-0.0379,0.029,0.0389,2.0E-4,0.002,8.0E-4,23.0,-54.49,-123.54,-26.46,156.54,-0.39,-0.57,4.0,75.823,32.77658,35.005676,,303.5619507,,28.855,,0 / 0,4712,2015-08-10 08:27:13:913
0.056,0.0962,9.8448,0.0938,0.0672,9.8059,-0.0379,0.029,0.0389,-9.0E-4,9.0E-4,-3.0E-4,23.0,-54.49,-123.54,-26.46,156.54,-0.39,-0.57,4.0,72.354,32.77658,35.005676,,303.5619507,,28.855,,0 / 0,4812,2015-08-10 08:27:14:013
0.0536,0.0388,9.8448,0.0928,0.0676,9.8059,-0.0392,-0.0289,0.0389,2.0E-4,9.0E-4,-3.0E-4,23.0,-54.35,-123.43,-26.2,156.36,-0.39,-0.55,4.0,72.354,32.77658,35.005676,,303.5619507,,28.855,,0 / 0,4912,2015-08-10 08:27:14:113
0.0871,0.0364,9.8376,0.0901,0.067,9.8059,-0.003,-0.0307,0.0317,2.0E-4,9.0E-4,-3.0E-4,23.0,-54.25,-123.31,-26.23,156.36,-0.4,-0.54,4.0,72.354,32.77658,35.005676,,303.5619507,,28.855,,0 / 0,5012,2015-08-10 08:27:14:213
0.0703,0.0196,9.8664,0.0886,0.0669,9.8059,-0.0183,-0.0473,0.0605,-9.0E-4,9.0E-4,-3.0E-4,23.0,-54.61,-123.33,-25.76,155.97,-0.39,-0.53,4.0,73.827,32.77658,35.005676,,303.5619507,,28.855,,0 / 0,5111,2015-08-10 08:27:14:312
0.0703,0.0196,9.8664,0.0886,0.0669,9.8059,-0.0183,-0.0473,0.0605,0.0023,-0.0012,-0.0024,23.0,-54.61,-123.33,-25.76,155.97,-0.39,-0.53,4.0,73.827,32.77658,35.005676,,303.5619507,,28.855,,0 / 0,5211,2015-08-10 08:27:14:412
0.0703,0.0531,9.7658,0.0881,0.0651,9.8059,-0.0178,-0.012,-0.0401,-9.0E-4,9.0E-4,-3.0E-4,22.0,-54.88,-123.68,-25.62,156.14,-0.39,-0.52,4.0,73.827,32.77658,35.005676,,303.5619507,,28.855,,0 / 0,5311,2015-08-10 08:27:14:512
0.0703,0.0603,9.8065,0.0874,0.0637,9.8061,-0.0171,-0.0034,4.0E-4,-9.0E-4,9.0E-4,-3.0E-4,22.0,-54.59,-123.65,-25.69,156.14,-0.38,-0.51,4.0,72.722,32.77658,35.005676,,303.5619507,,28.855,,0 / 0,5411,2015-08-10 08:27:14:612
0.0703,0.0603,9.8065,0.0874,0.0637,9.8061,-0.0171,-0.0034,4.0E-4,-9.0E-4,-1.0E-4,-3.0E-4,22.0,-54.59,-123.65,-25.69,156.14,-0.38,-0.51,4.0,72.722,32.77658,35.005676,,303.5619507,,28.855,,0 / 0,5511,2015-08-10 08:27:14:712
0.0105,0.034,9.7634,0.0874,0.0628,9.8061,-0.0769,-0.0289,-0.0426,0.0012,9.0E-4,-3.0E-4,22.0,-54.46,-123.51,-26.21,156.53,-0.37,-0.51,4.0,72.722,32.77658,35.005676,,303.5619507,,28.855,,0 / 0,5611,2015-08-10 08:27:14:812
0.1038,0.0651,9.7873,0.0853,0.0609,9.8061,0.0186,0.0042,-0.0187,0.0012,9.0E-4,-3.0E-4,23.0,-54.49,-123.31,-26.71,156.36,-0.37,-0.51,4.0,73.028,32.77658,35.005676,,303.5619507,,28.855,,0 / 0,5712,2015-08-10 08:27:14:913
0.0727,0.0412,9.8831,0.085,0.0596,9.8061,-0.0123,-0.0184,0.0771,-9.0E-4,0.002,-3.0E-4,23.0,-54.85,-123.29,-26.44,155.97,-0.36,-0.5,4.0,73.028,32.77658,35.005676,,303.5619507,,28.855,,0 / 0,5811,2015-08-10 08:27:15:012
0.0727,0.0412,9.8831,0.085,0.0596,9.8061,-0.0123,-0.0184,0.0771,-0.003,0.0069,0.0,23.0,-54.85,-123.29,-26.44,155.97,-0.36,-0.5,4.0,73.028,32.77658,35.005676,,303.5619507,,28.855,,0 / 0,5911,2015-08-10 08:27:15:112
0.0895,0.0866,9.7586,0.0872,0.0593,9.8061,0.0022,0.0274,-0.0474,-8.0E-4,0.0026,0.0,23.0,-55.02,-123.38,-26.39,155.97,-0.35,-0.5,4.0,69.93,32.77658,35.005676,,303.5619507,,28.855,,0 / 0,6011,2015-08-10 08:27:15:212
0.0536,0.0555,9.7778,0.0839,0.059,9.8061,-0.0304,-0.0034,-0.0283,-8.0E-4,0.0026,0.0,24.0,-54.7,-123.12,-26.35,155.97,-0.35,-0.51,4.0,69.93,32.77658,35.005676,,303.5619507,,28.855,,0 / 0,6111,2015-08-10 08:27:15:312
0.0536,0.0555,9.7778,0.0839,0.059,9.8061,-0.0304,-0.0034,-0.0283,0.0013,-0.0027,-0.0011,24.0,-54.7,-123.12,-26.35,155.97,-0.35,-0.51,4.0,69.93,32.77658,35.005676,,303.5619507,,28.855,,0 / 0,6211,2015-08-10 08:27:15:412
0.0416,0.0866,9.7897,0.0845,0.0581,9.8061,-0.0429,0.0286,-0.0163,0.0013,0.0037,0.0021,24.0,-54.43,-122.74,-26.6,156.36,-0.34,-0.49,4.0,73.36,32.77658,35.005676,,303.5619507,,28.855,,0 / 0,6312,2015-08-10 08:27:15:513
0.7551,0.2878,9.8855,0.0823,0.0555,9.8061,0.6728,0.2322,0.0795,0.0013,0.0037,0.0021,24.0,-54.94,-122.67,-26.82,155.97,-0.34,-0.49,4.0,73.36,32.77658,35.005676,,303.5619507,,28.855,,0 / 0,6412,2015-08-10 08:27:15:613
-0.0278,0.0579,10.0938,0.1007,0.0844,9.8058,-0.1285,-0.0265,0.2881,0.1068,0.0228,-0.1097,25.0,-55.6,-123.03,-26.62,155.58,-0.32,-0.48,4.0,73.36,32.77658,35.005676,,303.5619507,,28.855,,0 / 0,6513,2015-08-10 08:27:15:714
-0.0278,0.0579,10.0938,0.1007,0.0844,9.8058,-0.1285,-0.0265,0.2881,0.5116,0.075,-0.0149,25.0,-55.6,-123.03,-26.62,155.58,-0.32,-0.48,4.0,75.042,32.77658,35.005676,,303.5619507,,28.855,,0 / 0,6612,2015-08-10 08:27:15:813
-0.1978,0.7834,9.6581,-0.2035,0.4815,9.7926,0.0057,0.3018,-0.1345,0.5265,0.0729,-0.0277,25.0,-55.05,-123.1,-26.42,155.97,-0.49,-0.59,4.0,75.042,32.77658,35.005676,,303.5619507,,28.855,,0 / 0,6712,2015-08-10 08:27:15:913
-0.2242,1.5279,9.4354,-0.3129,1.2002,9.7278,0.0887,0.3277,-0.2924,0.5265,0.0729,-0.0277,25.0,-53.95,-123.52,-26.41,156.03,-2.81,1.19,4.0,75.042,32.77658,35.005676,,303.5619507,,28.855,,0 / 0,6811,2015-08-10 08:27:16:012
-0.2242,1.5279,9.4354,-0.3129,1.2002,9.7278,0.0887,0.3277,-0.2924,0.2772,0.0569,-0.0053,17.0,-53.95,-123.52,-26.41,156.03,-2.81,1.19,4.0,73.212,32.77658,35.005676,,303.5619507,,28.855,,0 / 0,6911,2015-08-10 08:27:16:112
-0.521,1.7674,9.5814,-0.3413,1.7819,9.6373,-0.1797,-0.0145,-0.0558,0.7267,0.2764,-0.1491,17.0,-51.92,-124.37,-26.13,156.26,-7.03,1.84,4.0,73.212,32.77658,35.005676,,303.5619507,,28.855,,0 / 0,7011,2015-08-10 08:27:16:212
-0.5857,3.0124,9.1146,-0.4839,2.5373,9.4602,-0.1018,0.4751,-0.3457,0.7267,0.2764,-0.1491,17.0,-49.45,-125.63,-25.28,157.38,-10.47,2.03,4.0,73.212,32.77658,35.005676,,303.5619507,,28.855,,0 / 0,7111,2015-08-10 08:27:16:312
-0.3103,3.824,9.026,-0.4968,3.5677,9.121,0.1864,0.2563,-0.095,0.4839,0.0654,0.0511,17.0,-46.97,-126.69,-25.45,157.58,-14.99,2.93,4.0,70.222,32.77658,35.005676,,303.5619507,,28.855,,0 / 0,7211,2015-08-10 08:27:16:412
-0.3103,3.824,9.026,-0.4968,3.5677,9.121,0.1864,0.2563,-0.095,0.7821,0.0015,-0.0501,27.0,-46.97,-126.69,-25.45,157.58,-14.99,2.93,4.0,70.222,32.77658,35.005676,,303.5619507,,28.855,,0 / 0,7312,2015-08-10 08:27:16:513
-0.4372,4.9229,8.4442,-0.5284,4.5153,8.6892,0.0911,0.4076,-0.245,0.7417,-0.1348,0.1151,27.0,-43.77,-128.01,-24.9,157.8,-21.33,3.12,4.0,70.222,32.77658,35.005676,,303.5619507,,28.855,,0 / 0,7412,2015-08-10 08:27:16:613
0.135,6.2637,7.7283,-0.4808,5.362,8.1967,0.6158,0.9017,-0.4684,0.7417,-0.1348,0.1151,27.0,-40.69,-129.61,-23.01,158.23,-27.42,3.48,4.0,72.633,32.77658,35.005676,,303.5619507,,28.855,,0 / 0,7511,2015-08-10 08:27:16:712
0.135,6.2637,7.7283,-0.4808,5.362,8.1967,0.6158,0.9017,-0.4684,0.6,-0.3298,0.0522,27.0,-40.69,-129.61,-23.01,158.23,-27.42,3.48,4.0,72.633,32.77658,35.005676,,303.5619507,,28.855,,0 / 0,7611,2015-08-10 08:27:16:812
-0.4803,5.7034,6.773,-0.397,6.1812,7.6028,-0.0833,-0.4778,-0.8297,0.7086,-0.0986,0.1694,33.0,-38.02,-130.89,-19.89,158.64,-33.15,3.36,4.0,72.633,32.77658,35.005676,,303.5619507,,28.855,,0 / 0,7711,2015-08-10 08:27:16:912
-0.0326,7.4416,6.8473,-0.1299,6.9712,6.896,0.0973,0.4705,-0.0488,0.7086,-0.0986,0.1694,33.0,-35.63,-131.88,-15.81,158.54,-39.07,2.99,4.0,69.413,32.77658,35.005676,,303.5619507,,28.855,,0 / 0,7812,2015-08-10 08:27:17:013
-0.0374,8.0067,5.9518,-0.0365,7.6799,6.098,-9.0E-4,0.3268,-0.1462,0.8993,-0.0911,-0.0181,33.0,-33.97,-132.0,-11.13,158.19,-45.31,1.08,4.0,69.413,32.77658,35.005676,,303.5619507,,28.855,,0 / 0,7912,2015-08-10 08:27:17:113
-0.0374,8.0067,5.9518,-0.0365,7.6799,6.098,-9.0E-4,0.3268,-0.1462,0.8876,-0.0688,0.0831,33.0,-33.97,-132.0,-11.13,158.19,-45.31,1.08,4.0,69.413,32.77658,35.005676,,303.5619507,,28.855,,0 / 0,8012,2015-08-10 08:27:17:213
0.4007,8.3897,4.726,0.0397,8.2821,5.2509,0.3611,0.1076,-0.5249,0.747,0.0527,-0.081,42.0,-33.31,-131.89,-5.7,156.92,-51.55,0.34,4.0,68.094,32.77658,35.005676,,303.5619507,,28.855,,0 / 0,8111,2015-08-10 08:27:17:312
0.1805,8.7704,3.8569,0.0875,8.8056,4.3155,0.0929,-0.0352,-0.4586,0.747,0.0527,-0.081,42.0,-32.36,-132.15,0.12,155.58,-57.62,-0.43,4.0,68.094,32.77658,35.005676,,303.5619507,,28.855,,0 / 0,8211,2015-08-10 08:27:17:412
0.1805,8.7704,3.8569,0.0875,8.8056,4.3155,0.0929,-0.0352,-0.4586,0.9803,-0.0709,-0.0831,42.0,-32.36,-132.15,0.12,155.58,-57.62,-0.43,4.0,68.094,32.77658,35.005676,,303.5619507,,28.855,,0 / 0,8312,2015-08-10 08:27:17:513
-0.2888,9.1966,2.157,-0.0168,9.3305,3.0182,-0.272,-0.1339,-0.8612,0.7459,0.075,0.0383,42.0,-32.31,-132.06,6.35,152.95,-63.89,-1.16,4.0,74.617,32.77658,35.005676,,303.5619507,,28.855,,0 / 0,8412,2015-08-10 08:27:17:613
0.0248,9.7592,1.6351,-0.1229,9.6343,1.8263,0.1477,0.1249,-0.1912,0.7459,0.075,0.0383,21.0,-32.16,-130.77,12.68,148.87,-72.07,0.32,4.0,74.617,32.77658,35.005676,,303.5619507,,28.855,,0 / 0,8512,2015-08-10 08:27:17:713
-0.4612,9.0266,-1.0799,-0.2438,9.7891,0.5314,-0.2174,-0.7626,-1.6113,1.1805,0.0601,-0.1619,21.0,-30.77,-128.34,19.21,146.36,-79.24,3.85,4.0,74.617,32.77658,35.005676,,303.5619507,,28.855,,0 / 0,8612,2015-08-10 08:27:17:813
-0.4612,9.0266,-1.0799,-0.2438,9.7891,0.5314,-0.2174,-0.7626,-1.6113,0.1494,-0.187,-0.0543,21.0,-30.77,-128.34,19.21,146.36,-79.24,3.85,4.0,67.983,32.77658,35.005676,,303.5619507,,28.855,,0 / 0,8711,2015-08-10 08:27:17:912
-0.2146,9.6227,-0.7064,-0.3303,9.7912,-0.4389,0.1157,-0.1685,-0.2676,0.0833,-0.1348,0.0511,21.0,-29.14,-125.85,25.22,159.34,-86.58,24.64,4.0,67.983,32.77658,35.005676,,303.5619507,,28.855,,0 / 0,8812,2015-08-10 08:27:18:013
0.1924,10.171,-0.6514,-0.2773,9.7818,-0.6385,0.4697,0.3892,-0.0129,0.0833,-0.1348,0.0511,9.0,-28.47,-123.58,31.13,271.37,-86.79,143.04,4.0,67.983,32.77658,35.005676,,303.5619507,,28.855,,0 / 0,8912,2015-08-10 08:27:18:113
0.1924,10.171,-0.6514,-0.2773,9.7818,-0.6385,0.4697,0.3892,-0.0129,0.078,-0.0358,0.1225,9.0,-28.47,-123.58,31.13,271.37,-86.79,143.04,4.0,65.749,32.77658,35.005676,,303.5619507,,28.855,,0 / 0,9011,2015-08-10 08:27:18:212
0.1278,9.6012,-0.8884,-0.0792,9.7802,-0.7159,0.2069,-0.179,-0.1725,0.0109,-0.007,0.0213,9.0,-27.98,-122.16,36.25,288.19,-85.93,156.53,4.0,65.749,32.77658,35.005676,,303.5619507,,28.855,,0 / 0,9112,2015-08-10 08:27:18:313
0.2403,9.6946,-0.9961,-0.0257,9.7728,-0.813,0.2661,-0.0783,-0.1832,0.0109,-0.007,0.0213,9.0,-28.67,-121.58,38.89,308.69,-85.79,173.69,4.0,65.749,32.77658,35.005676,,303.5619507,,28.855,,0 / 0,9212,2015-08-10 08:27:18:413
-0.1188,9.7544,-0.6873,-0.0159,9.777,-0.7615,-0.103,-0.0226,0.0742,-0.1127,-0.023,0.0064,8.0,-29.7,-122.03,39.73,312.64,-85.24,178.19,4.0,65.749,32.77658,35.005676,,303.5619507,,28.855,,0 / 0,9312,2015-08-10 08:27:18:513
-0.1188,9.7544,-0.6873,-0.0159,9.777,-0.7615,-0.103,-0.0226,0.0742,-0.0349,0.0377,-0.0511,8.0,-29.7,-122.03,39.73,312.64,-85.24,178.19,4.0,72.992,32.77658,35.005676,,303.5619507,,28.855,,0 / 0,9412,2015-08-10 08:27:18:613
-0.0781,9.7281,-0.6346,-0.0117,9.7859,-0.6363,-0.0664,-0.0578,0.0016,2.0E-4,0.0079,0.0075,8.0,-30.07,-122.48,39.93,314.0,-85.55,178.81,4.0,72.992,32.77658,35.005676,,303.5619507,,28.855,,0 / 0,9512,2015-08-10 08:27:18:713
0.0823,9.697,-0.6562,-0.0184,9.7879,-0.6035,0.1007,-0.091,-0.0527,2.0E-4,0.0079,0.0075,8.0,-29.78,-122.62,39.64,315.6,-86.28,178.95,4.0,72.992,32.77658,35.005676,,303.5619507,,28.855,,0 / 0,9611,2015-08-10 08:27:18:812
0.0823,9.697,-0.6562,-0.0184,9.7879,-0.6035,0.1007,-0.091,-0.0527,-0.0221,0.0069,-0.0138,8.0,-29.78,-122.62,39.64,315.6,-86.28,178.95,4.0,65.009,32.77658,35.005676,,303.5619507,,28.855,,0 / 0,9711,2015-08-10 08:27:18:912
0.0177,9.7041,-0.6107,0.0103,9.7884,-0.5959,0.0073,-0.0842,-0.0148,-0.0285,-0.007,-0.0703,8.0,-29.8,-122.9,38.94,314.3,-86.47,178.25,4.0,65.009,32.77658,35.005676,,303.5619507,,28.855,,0 / 0,9811,2015-08-10 08:27:19:012
-0.1284,9.7951,-0.3689,-0.0229,9.7918,-0.537,-0.1055,0.0033,0.1682,-0.0285,-0.007,-0.0703,8.0,-30.2,-123.06,38.5,317.47,-86.52,-179.01,4.0,65.009,32.77658,35.005676,,303.5619507,,28.855,,0 / 0,9912,2015-08-10 08:27:19:113
-0.1978,9.6467,-0.4934,-0.0572,9.795,-0.4724,-0.1407,-0.1483,-0.0209,-0.0136,0.0079,-0.0192,8.0,-30.23,-123.32,38.53,314.32,-86.86,177.56,4.0,68.845,32.77658,35.005676,,303.5619507,,28.855,,0 / 0,10011,2015-08-10 08:27:19:212
-0.1978,9.6467,-0.4934,-0.0572,9.795,-0.4724,-0.1407,-0.1483,-0.0209,0.0024,-0.0059,0.0117,9.0,-30.23,-123.32,38.53,314.32,-86.86,177.56,4.0,68.845,32.77658,35.005676,,303.5619507,,28.855,,0 / 0,10111,2015-08-10 08:27:19:312
-0.0757,9.6706,-0.5412,-0.0471,9.7956,-0.4619,-0.0286,-0.1249,-0.0793,-0.0189,0.0111,-0.0064,9.0,-29.97,-123.57,38.14,309.25,-87.22,173.1,4.0,68.845,32.77658,35.005676,,303.5619507,,28.855,,0 / 0,10212,2015-08-10 08:27:19:413
-0.1236,9.7257,-0.3138,-0.0341,9.7963,-0.4456,-0.0895,-0.0706,0.1318,-0.0189,0.0111,-0.0064,9.0,-29.97,-123.43,37.6,310.61,-87.29,174.17,4.0,68.08,32.77658,35.005676,,303.5619507,,28.855,,0 / 0,10312,2015-08-10 08:27:19:513
-0.1236,9.7257,-0.3138,-0.0341,9.7963,-0.4456,-0.0895,-0.0706,0.1318,2.0E-4,0.01,0.0032,9.0,-29.97,-123.43,37.6,310.61,-87.29,174.17,4.0,68.08,32.77658,35.005676,,303.5619507,,28.855,,0 / 0,10414,2015-08-10 08:27:19:615
-0.0159,9.7784,-0.3641,-0.0545,9.7974,-0.4202,0.0386,-0.019,0.0561,0.0034,0.0037,0.0022,9.0,-30.21,-122.8,37.41,311.5,-87.39,175.62,4.0,68.08,32.77658,35.005676,,303.5619507,,28.855,,0 / 0,10512,2015-08-10 08:27:19:713
0.0201,9.7879,-0.5484,-0.0614,9.7969,-0.4313,0.0814,-0.009,-0.1172,0.0034,0.0037,0.0022,9.0,-30.11,-122.69,37.46,308.54,-87.52,172.61,4.0,65.534,32.77658,35.005676,,303.5619507,,28.855,,0 / 0,10612,2015-08-10 08:27:19:813
-0.0877,9.8143,-0.2348,-0.0729,9.7972,-0.4224,-0.0148,0.0171,0.1876,-0.0019,-0.0102,-0.0298,9.0,-30.12,-122.88,37.28,307.63,-87.45,171.9,4.0,65.534,32.77658,35.005676,,303.5619507,,28.855,,0 / 0,10712,2015-08-10 08:27:19:913
-0.0877,9.8143,-0.2348,-0.0729,9.7972,-0.4224,-0.0148,0.0171,0.1876,-0.0072,0.0239,0.0117,9.0,-30.12,-122.88,37.28,307.63,-87.45,171.9,4.0,65.534,32.77658,35.005676,,303.5619507,,28.855,,0 / 0,10811,2015-08-10 08:27:20:012
-0.1236,9.6922,-0.4838,-0.1021,9.7963,-0.4351,-0.0215,-0.1041,-0.0486,0.0119,-0.0059,-0.0138,9.0,-29.79,-123.19,37.31,305.9,-87.49,170.21,4.0,74.333,32.77658,35.005676,,303.5619507,,28.855,,0 / 0,10911,2015-08-10 08:27:20:112
-0.1571,9.7808,-0.3425,-0.1276,9.796,-0.4365,-0.0295,-0.0153,0.094,0.0119,-0.0059,-0.0138,9.0,-29.11,-122.9,37.32,302.94,-87.39,166.8,4.0,74.333,32.77658,35.005676,,303.5619507,,28.855,,0 / 0,11012,2015-08-10 08:27:20:213
-0.1571,9.7808,-0.3425,-0.1276,9.796,-0.4365,-0.0295,-0.0153,0.094,2.0E-4,-0.0144,0.0096,9.0,-29.11,-122.9,37.32,302.94,-87.39,166.8,4.0,74.333,32.77658,35.005676,,303.5619507,,28.855,,0 / 0,11112,2015-08-10 08:27:20:313
-0.205,9.6826,-0.4096,-0.1238,9.7951,-0.4571,-0.0813,-0.1125,0.0476,0.0024,-0.0208,-0.016,9.0,-29.2,-122.54,37.05,299.52,-87.34,163.7,4.0,72.442,32.77658,35.005676,,303.5619507,,28.855,,0 / 0,11212,2015-08-10 08:27:20:413
-0.1284,9.7089,-0.4886,-0.1472,9.7945,-0.4633,0.0189,-0.0856,-0.0253,0.0024,-0.0208,-0.016,9.0,-29.63,-122.58,37.53,300.46,-87.23,164.85,4.0,72.442,32.77658,35.005676,,303.5619507,,28.855,,0 / 0,11312,2015-08-10 08:27:20:513
0.1062,9.7927,-0.5221,-0.1673,9.7932,-0.4844,0.2735,-4.0E-4,-0.0377,0.0088,0.0132,-0.0149,9.0,-29.98,-122.62,38.39,297.64,-87.16,162.37,4.0,72.442,32.77658,35.005676,,303.5619507,,28.855,,0 / 0,11413,2015-08-10 08:27:20:614
0.1062,9.7927,-0.5221,-0.1673,9.7932,-0.4844,0.2735,-4.0E-4,-0.0377,0.0641,-0.0113,-0.3633,9.0,-29.98,-122.62,38.39,297.64,-87.16,162.37,4.0,71.279,32.77658,35.005676,,303.5619507,,28.855,,0 / 0,11512,2015-08-10 08:27:20:713
-0.2433,10.0633,-0.637,-0.4197,9.7809,-0.5713,0.1764,0.2824,-0.0657,-0.0328,0.0761,-0.9715,9.0,-29.5,-122.71,38.51,296.63,-87.0,160.95,4.0,71.279,32.77658,35.005676,,303.5619507,,28.855,,0 / 0,11612,2015-08-10 08:27:20:813
-2.944,9.6634,-0.0073,-1.2225,9.7068,-0.6726,-1.7214,-0.0434,0.6653,-0.0328,0.0761,-0.9715,9.0,-28.93,-122.65,38.02,275.64,-85.85,143.7,4.0,71.279,32.77658,35.005676,,303.5619507,,28.855,,0 / 0,11711,2015-08-10 08:27:20:912
-2.944,9.6634,-0.0073,-1.2225,9.7068,-0.6726,-1.7214,-0.0434,0.6653,-0.2288,-0.0219,-0.7755,9.0,-28.93,-122.65,38.02,275.64,-85.85,143.7,4.0,63.355,32.77658,35.005676,,303.5619507,,28.855,,0 / 0,11812,2015-08-10 08:27:21:013
-3.1092,8.6986,-0.6657,-2.4814,9.4736,-0.5145,-0.6277,-0.775,-0.1513,-0.0509,-0.0507,-0.7446,9.0,-27.63,-122.18,37.83,243.32,-81.82,118.82,4.0,63.355,32.77658,35.005676,,303.5619507,,28.855,,0 / 0,11912,2015-08-10 08:27:21:113
-3.9424,8.7991,-0.3665,-4.0423,8.9263,-0.3853,0.1,-0.1272,0.0189,-0.0509,-0.0507,-0.7446,9.0,-24.32,-120.59,38.01,222.13,-75.02,101.71,4.0,63.355,32.77658,35.005676,,303.5619507,,28.855,,0 / 0,12011,2015-08-10 08:27:21:212
-5.9846,8.0067,0.0046,-5.2593,8.2738,-0.2318,-0.7253,-0.2671,0.2364,-0.0541,-0.0166,-1.2187,8.0,-18.27,-118.25,39.04,213.26,-65.54,95.45,4.0,71.024,32.77658,35.005676,,303.5619507,,28.855,,0 / 0,12111,2015-08-10 08:27:21:312
-5.9846,8.0067,0.0046,-5.2593,8.2738,-0.2318,-0.7253,-0.2671,0.2364,-0.0552,0.0069,-1.3231,8.0,-18.27,-118.25,39.04,213.26,-65.54,95.45,4.0,71.024,32.77658,35.005676,,303.5619507,,28.855,,0 / 0,12212,2015-08-10 08:27:21:413
-7.4786,6.7234,-0.0073,-6.5332,7.3122,-0.1441,-0.9454,-0.5888,0.1368,-0.0552,0.0069,-1.3231,8.0,-10.57,-115.78,39.68,210.0,-57.53,92.52,4.0,71.024,32.77658,35.005676,,303.5619507,,28.855,,0 / 0,12312,2015-08-10 08:27:21:513
-7.5049,4.9397,0.098,-7.6983,6.0735,-0.1423,0.1933,-1.1338,0.2403,0.0151,-0.0198,-1.2016,8.0,-1.77,-112.08,39.25,207.35,-48.21,91.26,4.0,74.518,32.77658,35.005676,,303.5619507,,28.855,,0 / 0,12411,2015-08-10 08:27:21:612
-7.5049,4.9397,0.098,-7.6983,6.0735,-0.1423,0.1933,-1.1338,0.2403,-0.2395,0.0356,-1.4445,8.0,-1.77,-112.08,39.25,207.35,-48.21,91.26,4.0,74.518,32.77658,35.005676,,303.5619507,,28.855,,0 / 0,12511,2015-08-10 08:27:21:712
-9.2814,3.1153,-0.7136,-8.7595,4.4089,-0.0675,-0.5219,-1.2936,-0.6461,-0.0317,-0.0411,-1.1025,8.0,7.01,-106.42,38.65,206.36,-38.27,91.06,4.0,74.518,32.77658,35.005676,,303.5619507,,28.855,,0 / 0,12612,2015-08-10 08:27:21:813
-9.5951,1.765,-0.1701,-9.4252,2.7077,-0.0596,-0.1698,-0.9427,-0.1106,-0.0317,-0.0411,-1.1025,8.0,15.02,-98.7,38.58,205.49,-26.72,90.44,4.0,68.327,32.77658,35.005676,,303.5619507,,28.855,,0 / 0,12712,2015-08-10 08:27:21:913
-9.71,0.9725,-0.5891,-9.6735,1.5941,-0.2321,-0.0365,-0.6216,-0.357,0.1728,0.2838,-0.7137,8.0,21.9,-88.64,39.0,206.08,-16.03,90.36,4.0,68.327,32.77658,35.005676,,303.5619507,,28.855,,0 / 0,12815,2015-08-10 08:27:22:016
-10.0715,0.1297,-1.1925,-9.7444,1.008,-0.4495,-0.3271,-0.8782,-0.743,0.1707,0.3147,-0.6807,7.0,24.63,-82.98,39.34,206.08,-16.03,90.36,4.0,68.327,32.77658,35.005676,,303.5619507,,28.855,,0 / 0,12911,2015-08-10 08:27:22:112
-10.0715,0.1297,-1.1925,-9.7444,1.008,-0.4495,-0.3271,-0.8782,-0.743,0.1707,0.3147,-0.6807,7.0,24.63,-82.98,39.34,206.08,-16.03,90.36,4.0,68.327,32.77658,35.005676,,303.5619507,,28.855,,0 / 0,13011,2015-08-10 08:27:22:212
-10.0715,0.1297,-1.1925,-9.7444,1.008,-0.4495,-0.3271,-0.8782,-0.743,0.1707,0.3147,-0.6807,7.0,24.63,-82.98,39.34,206.08,-16.03,90.36,4.0,68.327,32.77658,35.005676,,303.5619507,,28.855,,0 / 0,13111,2015-08-10 08:27:22:312
-10.0715,0.1297,-1.1925,-9.7444,1.008,-0.4495,-0.3271,-0.8782,-0.743,0.1707,0.3147,-0.6807,7.0,24.63,-82.98,39.34,206.08,-16.03,90.36,4.0,68.327,32.77658,35.005676,,303.5619507,,28.855,,0 / 0,13211,2015-08-10 08:27:22:412
-10.0715,0.1297,-1.1925,-9.7444,1.008,-0.4495,-0.3271,-0.8782,-0.743,0.1707,0.3147,-0.6807,7.0,24.63,-82.98,39.34,206.08,-16.03,90.36,4.0,68.327,32.77658,35.005676,,303.5619507,,28.855,,0 / 0,13312,2015-08-10 08:27:22:513
-10.0715,0.1297,-1.1925,-9.7444,1.008,-0.4495,-0.3271,-0.8782,-0.743,0.1707,0.3147,-0.6807,7.0,24.63,-82.98,39.34,206.08,-16.03,90.36,4.0,68.327,32.77658,35.005676,,303.5619507,,28.855,,0 / 0,13412,2015-08-10 08:27:22:613
-10.0715,0.1297,-1.1925,-9.7444,1.008,-0.4495,-0.3271,-0.8782,-0.743,0.1707,0.3147,-0.6807,7.0,24.63,-82.98,39.34,206.08,-16.03,90.36,4.0,68.327,32.77658,35.005676,,303.5619507,,28.855,,0 / 0,13511,2015-08-10 08:27:22:712
-9.9374,-0.5478,-0.9626,-9.767,0.1116,-0.8749,-0.1704,-0.6595,-0.0877,0.0982,0.0484,-0.6019,6.0,28.23,-72.14,40.38,209.42,-5.9,92.64,4.0,68.327,32.77658,35.005676,,303.5619507,,28.855,,0 / 0,13613,2015-08-10 08:27:22:814
-9.9374,-0.5478,-0.9626,-9.767,0.1116,-0.8749,-0.1704,-0.6595,-0.0877,0.0982,0.0484,-0.6019,6.0,28.23,-72.14,40.38,209.42,-5.9,92.64,4.0,68.327,32.77658,35.005676,,303.5619507,,28.855,,0 / 0,13712,2015-08-10 08:27:22:913
-9.8608,-0.5359,-0.9674,-9.7468,-0.5227,-0.9489,-0.114,-0.0132,-0.0186,0.029,-6.0E-4,0.0139,6.0,29.61,-49.2,48.31,222.88,-0.65,95.12,4.0,66.197,32.77658,35.005676,,303.5619507,,28.855,,0 / 0,13812,2015-08-10 08:27:23:013
-9.607,-0.5406,-1.1326,-9.7471,-0.5459,-0.9312,0.1401,0.0052,-0.2014,0.0162,0.0324,-0.0117,6.0,29.28,-49.9,48.34,221.01,3.06,95.56,4.0,66.197,32.77658,35.005676,,303.5619507,,28.855,,0 / 0,13912,2015-08-10 08:27:23:113
-9.6501,-0.6651,-1.0967,-9.7453,-0.5623,-0.9414,0.0952,-0.1028,-0.1553,-0.0275,0.0026,-0.0288,6.0,29.29,-50.4,47.88,221.01,3.19,95.46,4.0,66.197,32.77658,35.005676,,303.5619507,,28.855,,0 / 0,14011,2015-08-10 08:27:23:212
-9.6501,-0.6651,-1.0967,-9.7453,-0.5623,-0.9414,0.0952,-0.1028,-0.1553,-0.0275,0.0026,-0.0288,6.0,29.29,-50.4,47.88,221.01,3.19,95.46,4.0,65.208,32.77658,35.005676,,303.5619507,,28.855,,0 / 0,14112,2015-08-10 08:27:23:313
-9.7627,-0.4832,-0.9794,-9.7474,-0.5333,-0.9354,-0.0153,0.0501,-0.044,-0.0211,0.0015,-0.0437,6.0,29.6,-50.24,47.47,220.23,3.29,95.52,4.0,65.208,32.77658,35.005676,,303.5619507,,28.855,,0 / 0,14212,2015-08-10 08:27:23:413
-9.789,-0.5335,-1.0799,-9.7469,-0.537,-0.9387,-0.042,0.0036,-0.1413,0.0333,0.0463,-0.0277,6.0,29.32,-49.71,46.51,220.39,3.12,95.48,4.0,65.208,32.77658,35.005676,,303.5619507,,28.855,,0 / 0,14312,2015-08-10 08:27:23:513
-9.789,-0.5335,-1.0799,-9.7469,-0.537,-0.9387,-0.042,0.0036,-0.1413,0.0333,0.0463,-0.0277,6.0,29.32,-49.71,46.51,220.39,3.12,95.48,4.0,50.835,32.77658,35.005676,,303.5619507,,28.855,,0 / 0,14411,2015-08-10 08:27:23:612
-9.6573,-0.816,-1.226,-9.7423,-0.5598,-0.9725,0.085,-0.2562,-0.2535,0.0034,-0.0091,-0.0021,6.0,29.1,-49.32,46.72,220.93,3.14,95.5,4.0,50.835,32.77658,35.005676,,303.5619507,,28.855,,0 / 0,14511,2015-08-10 08:27:23:712
-9.8105,-0.5263,-0.8525,-9.7413,-0.5513,-0.9885,-0.0693,0.025,0.136,0.012,0.0026,0.0383,6.0,29.04,-49.34,47.26,220.81,3.27,95.7,4.0,50.835,32.77658,35.005676,,303.5619507,,28.855,,0 / 0,14611,2015-08-10 08:27:23:812
-9.7387,-0.5837,-1.0536,-9.7419,-0.5303,-0.9931,0.0031,-0.0534,-0.0605,0.0066,0.0111,-0.0245,6.0,28.78,-49.96,47.61,220.86,3.22,95.79,4.0,65.449,32.77658,35.005676,,303.5619507,,28.855,,0 / 0,14711,2015-08-10 08:27:23:912
-9.7387,-0.5837,-1.0536,-9.7419,-0.5303,-0.9931,0.0031,-0.0534,-0.0605,0.0066,0.0111,-0.0245,6.0,28.78,-49.96,47.61,220.86,3.22,95.79,4.0,65.449,32.77658,35.005676,,303.5619507,,28.855,,0 / 0,14812,2015-08-10 08:27:24:013
-9.8153,-0.5287,-1.0225,-9.7422,-0.526,-0.9924,-0.0732,-0.0027,-0.0301,0.0013,-0.007,0.0468,6.0,28.62,-50.14,47.98,220.89,3.1,95.82,4.0,65.449,32.77658,35.005676,,303.5619507,,28.855,,0 / 0,14911,2015-08-10 08:27:24:112
-9.8656,-0.6101,-1.0464,-9.7443,-0.4827,-0.9949,-0.1214,-0.1273,-0.0515,0.0258,0.0015,0.0383,6.0,28.64,-50.3,47.66,220.9,3.07,95.82,4.0,62.885,32.77658,35.005676,,303.5619507,,28.855,,0 / 0,15011,2015-08-10 08:27:24:212
-9.8656,-0.6101,-1.0464,-9.7443,-0.4827,-0.9949,-0.1214,-0.1273,-0.0515,0.0258,0.0015,0.0383,6.0,28.64,-50.3,47.66,220.9,3.07,95.82,4.0,62.885,32.77658,35.005676,,303.5619507,,28.855,,0 / 0,15111,2015-08-10 08:27:24:312
-9.8512,-0.4329,-0.8836,-9.7446,-0.4544,-1.005,-0.1067,0.0215,0.1214,0.0194,-0.0272,0.018,6.0,28.53,-50.24,46.72,220.34,2.82,95.83,4.0,62.885,32.77658,35.005676,,303.5619507,,28.855,,0 / 0,15211,2015-08-10 08:27:24:412
-10.0428,-0.5957,-0.9243,-9.7483,-0.4399,-0.9747,-0.2945,-0.1558,0.0504,0.0535,-0.1796,0.2726,6.0,28.68,-50.01,45.71,219.72,2.66,95.89,4.0,64.938,32.77658,35.005676,,303.5619507,,28.855,,0 / 0,15311,2015-08-10 08:27:24:512
-9.5975,0.1537,-0.6346,-9.776,-0.1731,-0.7558,0.1785,0.3268,0.1212,0.1664,-0.3393,0.3057,6.0,28.44,-50.05,45.69,219.9,2.57,95.71,4.0,64.938,32.77658,35.005676,,303.5619507,,28.855,,0 / 0,15411,2015-08-10 08:27:24:612
-9.5975,0.1537,-0.6346,-9.776,-0.1731,-0.7558,0.1785,0.3268,0.1212,0.1664,-0.3393,0.3057,6.0,28.44,-50.05,45.69,219.9,2.57,95.71,4.0,64.938,32.77658,35.005676,,303.5619507,,28.855,,0 / 0,15511,2015-08-10 08:27:24:712
-9.552,0.1202,0.11,-9.8032,0.07,-0.2514,0.2512,0.0501,0.3614,0.2421,-0.9071,0.3067,6.0,28.34,-50.66,46.0,220.29,1.01,94.42,4.0,69.548,32.77658,35.005676,,303.5619507,,28.855,,0 / 0,15611,2015-08-10 08:27:24:812
-9.3317,0.6996,2.3462,-9.748,0.4275,0.9819,0.4163,0.272,1.3642,0.1931,-1.4216,0.4409,7.0,28.51,-52.27,44.69,220.51,-0.41,91.47,4.0,69.548,32.77658,35.005676,,303.5619507,,28.855,,0 / 0,15711,2015-08-10 08:27:24:912
-9.3317,0.6996,2.3462,-9.748,0.4275,0.9819,0.4163,0.272,1.3642,0.1931,-1.4216,0.4409,7.0,28.51,-52.27,44.69,220.51,-0.41,91.47,4.0,69.548,32.77658,35.005676,,303.5619507,,28.855,,0 / 0,15811,2015-08-10 08:27:25:012
-8.9965,1.6165,4.1394,-9.332,0.9149,2.872,0.3355,0.7017,1.2674,0.1792,-1.5005,0.4729,7.0,29.33,-54.11,39.79,218.93,-2.5,84.25,4.0,64.453,32.77658,35.005676,,303.5619507,,28.855,,0 / 0,15912,2015-08-10 08:27:25:113
-8.1681,1.3149,5.4706,-8.4692,1.5953,4.6796,0.3011,-0.2804,0.791,-0.0637,-1.3854,0.1309,7.0,31.48,-56.48,29.12,214.4,-5.35,72.89,4.0,64.453,32.77658,35.005676,,303.5619507,,28.855,,0 / 0,16012,2015-08-10 08:27:25:213
-6.3485,1.5375,6.7276,-7.3483,1.6734,6.2748,0.9997,-0.1359,0.4528,-0.135,-1.9532,0.5507,30.0,33.62,-60.15,14.66,208.03,-9.36,61.08,4.0,64.453,32.77658,35.005676,,303.5619507,,28.855,,0 / 0,16112,2015-08-10 08:27:25:313
-6.3485,1.5375,6.7276,-7.3483,1.6734,6.2748,0.9997,-0.1359,0.4528,-0.135,-1.9532,0.5507,30.0,33.62,-60.15,14.66,208.03,-9.36,61.08,4.0,69.513,32.77658,35.005676,,303.5619507,,28.855,,0 / 0,16211,2015-08-10 08:27:25:412
-4.4619,2.3013,8.8201,-5.5206,1.9526,7.8663,1.0587,0.3487,0.9538,-0.2895,-1.5857,0.1192,30.0,33.17,-64.03,-2.09,198.78,-9.83,49.51,4.0,69.513,32.77658,35.005676,,303.5619507,,28.855,,0 / 0,16311,2015-08-10 08:27:25:512
-3.1259,1.5184,9.3995,-3.7306,1.7407,8.9007,0.6047,-0.2224,0.4987,-0.1904,-0.9625,-0.1173,30.0,28.2,-67.27,-19.66,190.93,-11.49,35.06,4.0,69.513,32.77658,35.005676,,303.5619507,,28.855,,0 / 0,16411,2015-08-10 08:27:25:612
-3.1259,1.5184,9.3995,-3.7306,1.7407,8.9007,0.6047,-0.2224,0.4987,-0.1904,-0.9625,-0.1173,28.0,28.2,-67.27,-19.66,190.93,-11.49,35.06,4.0,62.316,32.77658,35.005676,,303.5619507,,28.855,,0 / 0,16511,2015-08-10 08:27:25:712
-2.0701,1.346,9.9358,-2.4024,1.3837,9.4065,0.3323,-0.0377,0.5293,-0.3225,-0.5503,-0.0991,28.0,17.99,-69.13,-36.12,182.53,-10.22,22.74,4.0,62.316,32.77658,35.005676,,303.5619507,,28.855,,0 / 0,16611,2015-08-10 08:27:25:812
-1.3231,0.8264,9.5886,-1.6245,1.0517,9.6138,0.3014,-0.2252,-0.0251,-0.1563,-0.4725,0.1075,28.0,5.94,-68.7,-49.22,174.13,-8.11,14.33,4.0,62.316,32.77658,35.005676,,303.5619507,,28.855,,0 / 0,16712,2015-08-10 08:27:25:913
-0.8347,0.7067,9.8424,-1.0645,0.7474,9.72,0.2298,-0.0407,0.1224,-0.1212,-0.3287,0.0862,28.0,-4.93,-66.75,-57.93,166.45,-6.16,9.59,4.0,61.736,32.77658,35.005676,,303.5619507,,28.855,,0 / 0,16812,2015-08-10 08:27:26:013
-0.8347,0.7067,9.8424,-1.0645,0.7474,9.72,0.2298,-0.0407,0.1224,-0.1212,-0.3287,0.0862,13.0,-4.93,-66.75,-57.93,166.45,-6.16,9.59,4.0,61.736,32.77658,35.005676,,303.5619507,,28.855,,0 / 0,16912,2015-08-10 08:27:26:113
-0.9592,0.3907,9.7969,-0.8622,0.5834,9.7511,-0.097,-0.1927,0.0458,-0.0765,-0.072,-0.0395,13.0,-12.52,-64.43,-63.03,161.51,-4.37,6.25,4.0,61.736,32.77658,35.005676,,303.5619507,,28.855,,0 / 0,17011,2015-08-10 08:27:26:212
-0.6814,0.4434,9.8735,-0.7621,0.5299,9.7625,0.0807,-0.0865,0.111,-0.1244,-0.0304,-0.0661,13.0,-16.75,-62.54,-65.83,158.94,-3.41,5.05,4.0,66.04,32.77658,35.005676,,303.5619507,,28.855,,0 / 0,17111,2015-08-10 08:27:26:312
-0.6814,0.4434,9.8735,-0.7621,0.5299,9.7625,0.0807,-0.0865,0.111,-0.1244,-0.0304,-0.0661,13.0,-16.75,-62.54,-65.83,158.94,-3.41,5.05,4.0,66.04,32.77658,35.005676,,303.5619507,,28.855,,0 / 0,17212,2015-08-10 08:27:26:413
-0.7748,0.4697,9.7371,-0.6918,0.4331,9.7725,-0.083,0.0367,-0.0355,-0.1414,-0.0464,-0.0331,13.0,-18.37,-60.79,-67.17,158.02,-3.1,4.46,4.0,66.04,32.77658,35.005676,,303.5619507,,28.855,,0 / 0,17312,2015-08-10 08:27:26:513
-0.8275,0.52,10.0842,-0.6342,0.3862,9.7784,-0.1933,0.1338,0.3059,-0.0701,0.0367,-0.0448,13.0,-18.94,-60.17,-67.56,157.38,-2.53,4.05,4.0,65.977,32.77658,35.005676,,303.5619507,,28.855,,0 / 0,17412,2015-08-10 08:27:26:613
-0.8275,0.4745,9.9765,-0.6104,0.3831,9.78,-0.2171,0.0914,0.1965,-0.0605,0.0761,-0.0171,13.0,-19.13,-60.1,-67.92,157.83,-2.26,3.71,4.0,65.977,32.77658,35.005676,,303.5619507,,28.855,,0 / 0,17512,2015-08-10 08:27:26:713
-0.8275,0.4745,9.9765,-0.6104,0.3831,9.78,-0.2171,0.0914,0.1965,-0.0605,0.0761,-0.0171,13.0,-19.13,-60.1,-67.92,157.83,-2.26,3.71,4.0,65.977,32.77658,35.005676,,303.5619507,,28.855,,0 / 0,17612,2015-08-10 08:27:26:813
-0.6551,0.2997,9.7945,-0.6222,0.3543,9.7805,-0.0329,-0.0546,0.0141,-0.0381,-0.0187,-0.0288,13.0,-19.12,-60.4,-68.78,157.91,-2.24,3.57,4.0,62.485,32.77658,35.005676,,303.5619507,,28.855,,0 / 0,17711,2015-08-10 08:27:26:912
-0.8155,0.259,9.7514,-0.6199,0.327,9.7815,-0.1956,-0.0679,-0.0301,-0.0669,-0.0315,-0.0703,13.0,-18.98,-60.79,-69.04,158.25,-2.07,3.64,4.0,62.485,32.77658,35.005676,,303.5619507,,28.855,,0 / 0,17811,2015-08-10 08:27:27:012
-0.8155,0.259,9.7514,-0.6199,0.327,9.7815,-0.1956,-0.0679,-0.0301,-0.0669,-0.0315,-0.0703,13.0,-18.98,-60.79,-69.04,158.25,-2.07,3.64,4.0,62.485,32.77658,35.005676,,303.5619507,,28.855,,0 / 0,17911,2015-08-10 08:27:27:112
-0.3439,0.3117,9.6461,-0.6047,0.2913,9.7836,0.2608,0.0204,-0.1375,0.0077,-0.0081,-0.0096,13.0,-19.24,-60.59,-68.31,158.4,-1.91,3.63,4.0,60.717,32.77658,35.005676,,303.5619507,,28.855,,0 / 0,18011,2015-08-10 08:27:27:212
-0.545,0.3692,10.0435,-0.6024,0.3012,9.7835,0.0575,0.0679,0.2601,0.0673,0.0282,0.0096,13.0,-19.42,-60.23,-68.12,158.23,-1.7,3.54,4.0,60.717,32.77658,35.005676,,303.5619507,,28.855,,0 / 0,18112,2015-08-10 08:27:27:313
-0.6072,0.417,9.9334,-0.6147,0.3575,9.7808,0.0075,0.0596,0.1526,-0.0157,-0.0038,0.0021,13.0,-19.55,-59.61,-68.89,157.31,-1.76,3.52,4.0,60.717,32.77658,35.005676,,303.5619507,,28.855,,0 / 0,18212,2015-08-10 08:27:27:413
-0.6072,0.417,9.9334,-0.6147,0.3575,9.7808,0.0075,0.0596,0.1526,-0.0157,-0.0038,0.0021,13.0,-19.55,-59.61,-68.89,157.31,-1.76,3.52,4.0,66.636,32.77658,35.005676,,303.5619507,,28.855,,0 / 0,18311,2015-08-10 08:27:27:512
-0.4061,0.532,9.7706,-0.6014,0.3235,9.7827,0.1953,0.2084,-0.0121,0.0567,-0.023,0.0394,13.0,-19.63,-59.2,-69.14,156.74,-2.09,3.6,4.0,66.636,32.77658,35.005676,,303.5619507,,28.855,,0 / 0,18411,2015-08-10 08:27:27:612
-0.4971,0.3739,9.8137,-0.5761,0.35,9.7833,0.079,0.0239,0.0304,0.078,-0.0347,0.0139,13.0,-19.61,-59.16,-69.08,156.9,-1.89,3.52,4.0,66.636,32.77658,35.005676,,303.5619507,,28.855,,0 / 0,18511,2015-08-10 08:27:27:712
-0.4971,0.3739,9.8137,-0.5761,0.35,9.7833,0.079,0.0239,0.0304,0.078,-0.0347,0.0139,13.0,-19.61,-59.16,-69.08,156.9,-1.89,3.52,4.0,58.535,32.77658,35.005676,,303.5619507,,28.855,,0 / 0,18612,2015-08-10 08:27:27:813
-0.612,0.4625,9.7634,-0.5384,0.3823,9.7844,-0.0736,0.0802,-0.0209,0.0418,0.01,0.016,13.0,-19.54,-59.4,-69.17,156.98,-2.05,3.37,4.0,58.535,32.77658,35.005676,,303.5619507,,28.855,,0 / 0,18712,2015-08-10 08:27:27:913
-0.5785,0.6876,9.9071,-0.5532,0.4702,9.7797,-0.0253,0.2174,0.1273,0.1526,0.0037,-0.0117,13.0,-19.6,-59.82,-68.92,157.48,-2.23,3.15,4.0,58.535,32.77658,35.005676,,303.5619507,,28.855,,0 / 0,18812,2015-08-10 08:27:28:013
-0.6551,0.9533,9.8233,-0.5683,0.707,9.7646,-0.0868,0.2463,0.0587,0.5371,0.0164,0.0863,13.0,-20.42,-59.63,-68.93,157.17,-2.75,3.24,4.0,53.734,32.77658,35.005676,,303.5619507,,28.855,,0 / 0,18912,2015-08-10 08:27:28:113
-0.6551,0.9533,9.8233,-0.5683,0.707,9.7646,-0.0868,0.2463,0.0587,0.5371,0.0164,0.0863,13.0,-20.42,-59.63,-68.93,157.17,-2.75,3.24,4.0,53.734,32.77658,35.005676,,303.5619507,,28.855,,0 / 0,19012,2015-08-10 08:27:28:213
-0.612,1.8607,9.943,-0.5725,1.3877,9.691,-0.0395,0.473,0.252,0.5265,0.0729,-0.0074,13.0,-20.2,-60.23,-68.75,156.43,-4.13,3.33,4.0,53.734,32.77658,35.005676,,303.5619507,,28.855,,0 / 0,19112,2015-08-10 08:27:28:313
-0.4444,3.0195,9.4976,-0.6194,2.2131,9.5336,0.1749,0.8064,-0.0359,1.1337,0.0388,0.2419,13.0,-20.27,-62.13,-67.86,155.22,-8.14,3.38,4.0,63.965,32.77658,35.005676,,303.5619507,,28.855,,0 / 0,19212,2015-08-10 08:27:28:413
-0.4444,3.0195,9.4976,-0.6194,2.2131,9.5336,0.1749,0.8064,-0.0359,1.1337,0.0388,0.2419,12.0,-20.27,-62.13,-67.86,155.22,-8.14,3.38,4.0,63.965,32.77658,35.005676,,303.5619507,,28.855,,0 / 0,19315,2015-08-10 08:27:28:516
-0.047,4.7027,8.9685,-0.5061,3.7161,9.0612,0.4591,0.9866,-0.0926,1.3009,-0.0549,0.0065,12.0,-20.95,-66.2,-65.62,153.1,-13.04,3.72,4.0,63.965,32.77658,35.005676,,303.5619507,,28.855,,0 / 0,19411,2015-08-10 08:27:28:612
-0.2361,6.2373,7.6661,-0.3852,5.4553,8.14,0.149,0.782,-0.4739,1.6631,0.0995,0.031,12.0,-21.73,-72.5,-61.17,150.56,-22.27,3.2,4.0,72.255,32.77658,35.005676,,303.5619507,,28.855,,0 / 0,19511,2015-08-10 08:27:28:712
-0.296,7.6667,5.6981,-0.4218,7.2417,6.599,0.1258,0.425,-0.901,1.6567,0.2156,0.0203,12.0,-23.31,-80.17,-54.91,145.0,-33.8,2.71,4.0,72.255,32.77658,35.005676,,303.5619507,,28.855,,0 / 0,19611,2015-08-10 08:27:28:812
-0.296,7.6667,5.6981,-0.4218,7.2417,6.599,0.1258,0.425,-0.901,1.6567,0.2156,0.0203,10.0,-23.31,-80.17,-54.91,145.0,-33.8,2.71,4.0,72.255,32.77658,35.005676,,303.5619507,,28.855,,0 / 0,19711,2015-08-10 08:27:28:912
-0.4875,8.9189,3.6342,-0.543,8.5741,4.7284,0.0555,0.3448,-1.0942,1.4,0.0601,0.1354,10.0,-25.32,-89.38,-46.6,133.53,-47.6,3.66,4.0,65.128,32.77658,35.005676,,303.5619507,,28.855,,0 / 0,19811,2015-08-10 08:27:29:012
-0.4875,8.9189,3.6342,-0.543,8.5741,4.7284,0.0555,0.3448,-1.0942,1.4,0.0601,0.1354,10.0,-25.32,-89.38,-46.6,133.53,-47.6,3.66,4.0,65.128,32.77658,35.005676,,303.5619507,,28.855,,0 / 0,19911,2015-08-10 08:27:29:112
-0.4875,8.9189,3.6342,-0.543,8.5741,4.7284,0.0555,0.3448,-1.0942,1.4,0.0601,0.1354,10.0,-25.32,-89.38,-46.6,133.53,-47.6,3.66,4.0,65.128,32.77658,35.005676,,303.5619507,,28.855,,0 / 0,20012,2015-08-10 08:27:29:213
-0.4875,8.9189,3.6342,-0.543,8.5741,4.7284,0.0555,0.3448,-1.0942,1.4,0.0601,0.1354,10.0,-25.32,-89.38,-46.6,133.53,-47.6,3.66,4.0,65.128,32.77658,35.005676,,303.5619507,,28.855,,0 / 0,20111,2015-08-10 08:27:29:312
-0.4037,9.5653,2.1594,-0.4486,9.3374,2.9633,0.0449,0.2279,-0.8039,1.3435,0.1645,-0.0936,5.0,-26.44,-98.67,-36.27,122.91,-60.97,6.55,4.0,65.128,32.77658,35.005676,,303.5619507,,28.855,,0 / 0,20212,2015-08-10 08:27:29:413
-0.0685,9.7592,-1.3098,-0.5923,9.7667,-0.6551,0.5237,-0.0075,-0.6547,0.2772,-0.5279,0.4475,5.0,-25.34,-113.34,-11.87,135.31,-72.2,8.61,4.0,66.897,32.77658,35.005676,,303.5619507,,28.855,,0 / 0,20312,2015-08-10 08:27:29:513
0.0584,9.6611,-1.6713,-0.1281,9.7372,-1.1568,0.1864,-0.0762,-0.5145,0.2772,-0.5279,0.4475,5.0,-24.32,-115.2,-4.73,135.31,-72.2,8.61,4.0,66.897,32.77658,35.005676,,303.5619507,,28.855,,0 / 0,20412,2015-08-10 08:27:29:613
0.0631,9.7879,-0.9339,0.0932,9.7528,-1.021,-0.0301,0.0352,0.0871,-0.2363,-0.0496,0.1024,5.0,-25.55,-116.78,0.45,237.09,-83.18,173.68,4.0,66.897,32.77658,35.005676,,303.5619507,,28.855,,0 / 0,20511,2015-08-10 08:27:29:712
0.0631,9.7879,-0.9339,0.0932,9.7528,-1.021,-0.0301,0.0352,0.0871,-0.1979,-0.0965,-0.1107,5.0,-25.55,-116.78,0.45,237.09,-83.18,173.68,4.0,65.336,32.77658,35.005676,,303.5619507,,28.855,,0 / 0,20612,2015-08-10 08:27:29:813
-0.1092,9.5198,-0.5484,0.0488,9.7808,-0.7105,-0.158,-0.261,0.1621,-0.1979,-0.0965,-0.1107,5.0,-27.84,-118.01,2.85,256.1,-84.0,-174.78,4.0,65.336,32.77658,35.005676,,303.5619507,,28.855,,0 / 0,20712,2015-08-10 08:27:29:913
0.0464,9.8071,-0.5029,-0.0254,9.7918,-0.5369,0.0718,0.0153,0.034,-0.0563,0.01,-0.051,5.0,-29.56,-118.53,2.99,263.08,-85.84,-176.07,4.0,65.336,32.77658,35.005676,,303.5619507,,28.855,,0 / 0,20812,2015-08-10 08:27:30:013
0.0464,9.8071,-0.5029,-0.0254,9.7918,-0.5369,0.0718,0.0153,0.034,-0.0669,-0.0038,-0.0106,5.0,-29.56,-118.53,2.99,263.08,-85.84,-176.07,4.0,72.947,32.77658,35.005676,,303.5619507,,28.855,,0 / 0,20911,2015-08-10 08:27:30:112
-0.1619,9.7377,-0.3928,-0.0019,9.7969,-0.4366,-0.16,-0.0593,0.0438,-0.0701,0.0537,0.0352,5.0,-30.5,-118.17,1.8,259.18,-86.86,177.29,4.0,72.947,32.77658,35.005676,,303.5619507,,28.855,,0 / 0,21012,2015-08-10 08:27:30:213
0.0751,9.764,-0.4335,0.0052,9.8004,-0.3479,0.0699,-0.0364,-0.0856,-0.0701,0.0537,0.0352,5.0,-30.91,-117.65,0.3,260.13,-87.45,179.74,4.0,72.947,32.77658,35.005676,,303.5619507,,28.855,,0 / 0,21112,2015-08-10 08:27:30:313
0.0823,9.7305,-0.0361,0.038,9.8043,-0.2101,0.0443,-0.0738,0.174,-0.0435,0.0196,0.0129,5.0,-31.53,-117.77,-0.07,263.39,-87.97,-179.14,4.0,61.395,32.77658,35.005676,,303.5619507,,28.855,,0 / 0,21211,2015-08-10 08:27:30:412
0.0823,9.7305,-0.0361,0.038,9.8043,-0.2101,0.0443,-0.0738,0.174,0.0098,0.0441,0.0246,5.0,-31.53,-117.77,-0.07,263.39,-87.97,-179.14,4.0,61.395,32.77658,35.005676,,303.5619507,,28.855,,0 / 0,21312,2015-08-10 08:27:30:513
0.0991,9.7736,-0.4742,0.0253,9.8046,-0.1956,0.0738,-0.031,-0.2786,0.0098,0.0441,0.0246,5.0,-31.57,-117.76,-0.83,273.87,-88.75,-169.75,4.0,61.395,32.77658,35.005676,,303.5619507,,28.855,,0 / 0,21411,2015-08-10 08:27:30:612
0.0368,9.764,-0.2563,0.0483,9.8047,-0.1884,-0.0115,-0.0407,-0.0679,-0.0584,0.0345,0.0075,5.0,-31.53,-117.82,-1.86,269.55,-88.85,-172.63,4.0,60.795,32.77658,35.005676,,303.5619507,,28.855,,0 / 0,21511,2015-08-10 08:27:30:712
0.0368,9.764,-0.2563,0.0483,9.8047,-0.1884,-0.0115,-0.0407,-0.0679,-0.053,0.0015,-0.0255,5.0,-31.53,-117.82,-1.86,269.55,-88.85,-172.63,4.0,60.795,32.77658,35.005676,,303.5619507,,28.855,,0 / 0,21611,2015-08-10 08:27:30:812
-0.1787,9.5581,-0.1917,0.0621,9.8059,-0.1025,-0.2408,-0.2478,-0.0892,-0.0072,-0.0027,-0.0213,5.0,-31.64,-118.01,-2.03,276.65,-88.86,-165.61,4.0,60.795,32.77658,35.005676,,303.5619507,,28.855,,0 / 0,21712,2015-08-10 08:27:30:913
0.1853,9.867,0.0549,0.0271,9.8064,-0.0617,0.1582,0.0606,0.1166,-0.0072,-0.0027,-0.0213,5.0,-31.39,-118.07,-2.08,295.11,-89.3,-148.79,4.0,62.589,32.77658,35.005676,,303.5619507,,28.855,,0 / 0,21812,2015-08-10 08:27:31:013
0.0272,9.6132,-0.0696,0.0322,9.8064,-0.0639,-0.0049,-0.1932,-0.0057,0.0173,0.0218,0.0309,5.0,-30.56,-117.79,-2.13,288.61,-89.61,-156.28,4.0,62.589,32.77658,35.005676,,303.5619507,,28.855,,0 / 0,21912,2015-08-10 08:27:31:113
0.0272,9.6132,-0.0696,0.0322,9.8064,-0.0639,-0.0049,-0.1932,-0.0057,0.0013,-0.0017,0.0426,5.0,-30.56,-117.79,-2.13,288.61,-89.61,-156.28,4.0,62.589,32.77658,35.005676,,303.5619507,,28.855,,0 / 0,22012,2015-08-10 08:27:31:213
0.056,9.8358,-0.1677,0.018,9.8059,-0.1166,0.038,0.0299,-0.0512,0.0013,-0.0017,0.0426,5.0,-29.67,-117.07,-2.45,291.4,-89.58,-153.27,4.0,63.159,32.77658,35.005676,,303.5619507,,28.855,,0 / 0,22112,2015-08-10 08:27:31:313
0.0679,9.7161,-0.1342,0.0646,9.8055,-0.1348,0.0033,-0.0893,6.0E-4,-0.0221,0.0367,0.0299,5.0,-30.12,-116.56,-2.5,272.26,-89.31,-171.24,4.0,63.159,32.77658,35.005676,,303.5619507,,28.855,,0 / 0,22211,2015-08-10 08:27:31:412
0.0679,9.7161,-0.1342,0.0646,9.8055,-0.1348,0.0033,-0.0893,6.0E-4,-0.0243,0.042,-0.0202,5.0,-30.12,-116.56,-2.5,272.26,-89.31,-171.24,4.0,63.159,32.77658,35.005676,,303.5619507,,28.855,,0 / 0,22311,2015-08-10 08:27:31:512
0.0368,9.6778,-0.2013,0.0581,9.8058,-0.1134,-0.0212,-0.1279,-0.0878,-0.0211,0.0111,-0.0181,5.0,-31.0,-117.06,-2.42,288.81,-89.13,-154.38,4.0,62.014,32.77658,35.005676,,303.5619507,,28.855,,0 / 0,22411,2015-08-10 08:27:31:612
-0.0637,9.7113,-0.0193,0.0566,9.8062,-0.0554,-0.1203,-0.0949,0.0361,-0.0211,0.0111,-0.0181,5.0,-31.06,-117.51,-2.45,290.77,-89.26,-152.89,4.0,62.014,32.77658,35.005676,,303.5619507,,28.855,,0 / 0,22512,2015-08-10 08:27:31:713
-0.0422,9.7449,-0.1246,0.0215,9.8065,-0.0341,-0.0637,-0.0617,-0.0905,0.0109,0.0015,-0.0192,5.0,-30.76,-117.58,-2.47,310.59,-89.54,-134.39,4.0,62.014,32.77658,35.005676,,303.5619507,,28.855,,0 / 0,22612,2015-08-10 08:27:31:813
-0.0422,9.7449,-0.1246,0.0215,9.8065,-0.0341,-0.0637,-0.0617,-0.0905,-0.0072,0.0069,0.0139,5.0,-30.76,-117.58,-2.47,310.59,-89.54,-134.39,4.0,63.229,32.77658,35.005676,,303.5619507,,28.855,,0 / 0,22712,2015-08-10 08:27:31:913
0.044,9.8143,-0.2013,0.0135,9.8064,-0.0723,0.0305,0.0079,-0.129,-0.0072,0.0069,0.0139,5.0,-30.27,-117.5,-2.46,297.64,-89.76,-147.72,4.0,63.229,32.77658,35.005676,,303.5619507,,28.855,,0 / 0,22812,2015-08-10 08:27:32:013
-0.0949,9.673,-0.0744,0.0031,9.8065,-0.0543,-0.098,-0.1335,-0.0201,-0.0158,-0.0038,0.0011,5.0,-30.24,-117.4,-2.15,275.08,-89.57,-169.44,4.0,63.229,32.77658,35.005676,,303.5619507,,28.855,,0 / 0,22912,2015-08-10 08:27:32:113
-0.0949,9.673,-0.0744,0.0031,9.8065,-0.0543,-0.098,-0.1335,-0.0201,0.0673,0.0228,-0.017,5.0,-30.24,-117.4,-2.15,275.08,-89.57,-169.44,4.0,63.774,32.77658,35.005676,,303.5619507,,28.855,,0 / 0,23012,2015-08-10 08:27:32:213
0.2379,10.0345,0.0669,-0.0138,9.8062,-0.081,0.2517,0.2283,0.1478,0.7938,0.058,-0.0543,5.0,-30.54,-117.36,-2.02,268.42,-89.68,-176.69,4.0,63.774,32.77658,35.005676,,303.5619507,,28.855,,0 / 0,23112,2015-08-10 08:27:32:313
-0.1595,9.7472,-1.4439,-0.0313,9.7845,-0.658,-0.1282,-0.0373,-0.7859,0.7938,0.058,-0.0543,5.0,-30.63,-117.28,-1.63,254.91,-89.52,170.35,4.0,63.774,32.77658,35.005676,,303.5619507,,28.855,,0 / 0,23212,2015-08-10 08:27:32:413
-0.4061,9.3737,-2.0855,-0.1594,9.5756,-2.11,-0.2468,-0.2019,0.0245,1.2764,0.2338,-0.115,5.0,-30.22,-117.38,-1.11,251.04,-86.15,177.28,4.0,62.102,32.77658,35.005676,,303.5619507,,28.855,,0 / 0,23312,2015-08-10 08:27:32:513
-0.4061,9.3737,-2.0855,-0.1594,9.5756,-2.11,-0.2468,-0.2019,0.0245,2.0551,0.6332,-0.1587,5.0,-30.22,-117.38,-1.11,251.04,-86.15,177.28,4.0,62.102,32.77658,35.005676,,303.5619507,,28.855,,0 / 0,23411,2015-08-10 08:27:32:612
-0.1835,7.8917,-4.3696,-0.2046,8.8538,-4.2118,0.0211,-0.962,-0.1577,2.0551,0.6332,-0.1587,5.0,-30.25,-118.08,1.87,229.45,-77.54,175.68,4.0,62.102,32.77658,35.005676,,303.5619507,,28.855,,0 / 0,23511,2015-08-10 08:27:32:712
0.9322,6.1248,-7.7095,0.0284,7.3276,-6.5173,0.9038,-1.2028,-1.1922,2.2138,0.222,0.2323,5.0,-30.04,-118.91,8.9,214.42,-64.53,177.22,4.0,62.102,32.77658,35.005676,,303.5619507,,28.855,,0 / 0,23611,2015-08-10 08:27:32:812
0.9322,6.1248,-7.7095,0.0284,7.3276,-6.5173,0.9038,-1.2028,-1.1922,1.9635,-0.2296,0.4815,5.0,-30.04,-118.91,8.9,214.42,-64.53,177.22,4.0,64.408,32.77658,35.005676,,303.5619507,,28.855,,0 / 0,23711,2015-08-10 08:27:32:912
-0.1906,3.2015,-9.2585,0.2465,5.1266,-8.3564,-0.4371,-1.9251,-0.9022,1.2189,-0.3607,0.3335,5.0,-29.03,-118.69,20.24,204.3,-48.35,-179.75,4.0,64.408,32.77658,35.005676,,303.5619507,,28.855,,0 / 0,23811,2015-08-10 08:27:33:012
-0.1715,1.9685,-9.9169,0.0551,3.0393,-9.3236,-0.2266,-1.0708,-0.5933,1.2189,-0.3607,0.3335,5.0,-28.47,-115.92,34.23,198.49,-31.52,-178.31,4.0,64.408,32.77658,35.005676,,303.5619507,,28.855,,0 / 0,23911,2015-08-10 08:27:33:112
-0.1715,1.9685,-9.9169,0.0551,3.0393,-9.3236,-0.2266,-1.0708,-0.5933,0.7949,-0.3053,0.2866,5.0,-29.31,-110.24,47.97,197.76,-18.05,-179.66,4.0,64.483,32.77658,35.005676,,303.5619507,,28.855,,0 / 0,24012,2015-08-10 08:27:33:213
-0.3439,1.3077,-9.9624,-0.2493,1.8887,-9.6199,-0.0946,-0.581,-0.3425,0.6692,-0.1231,0.0874,7.0,-29.31,-110.24,47.97,197.76,-18.05,-179.66,4.0,64.483,32.77658,35.005676,,303.5619507,,28.855,,0 / 0,24111,2015-08-10 08:27:33:312
-0.1954,0.1752,-10.1133,-0.5285,0.6982,-9.7676,0.3331,-0.523,-0.3457,0.6692,-0.1231,0.0874,7.0,-30.27,-103.87,58.45,199.08,-11.1,178.52,4.0,64.483,32.77658,35.005676,,303.5619507,,28.855,,0 / 0,24212,2015-08-10 08:27:33:413
-0.1619,0.0124,-10.3431,-0.394,0.1287,-9.798,0.2321,-0.1163,-0.5451,0.1067,0.1666,-0.1384,7.0,-30.69,-98.03,64.61,200.29,-4.08,176.9,4.0,61.656,32.77658,35.005676,,303.5619507,,28.855,,0 / 0,24312,2015-08-10 08:27:33:513
-0.1619,0.0124,-10.3431,-0.394,0.1287,-9.798,0.2321,-0.1163,-0.5451,-0.118,0.0495,-0.0085,7.0,-30.69,-98.03,64.61,200.29,-4.08,176.9,4.0,61.656,32.77658,35.005676,,303.5619507,,28.855,,0 / 0,24412,2015-08-10 08:27:33:613
0.0201,0.4673,-10.1683,-0.2047,0.2454,-9.8016,0.2248,0.2219,-0.3668,-0.0637,-0.1189,-0.0223,6.0,-30.63,-93.16,67.99,200.1,-0.75,177.7,4.0,61.656,32.77658,35.005676,,303.5619507,,28.855,,0 / 0,24511,2015-08-10 08:27:33:712
-0.636,0.4553,-9.8595,-0.3035,0.4031,-9.7938,-0.3325,0.0522,-0.0657,-0.0637,-0.1189,-0.0223,6.0,-30.46,-90.37,69.67,199.62,-1.43,178.8,4.0,62.815,32.77658,35.005676,,303.5619507,,28.855,,0 / 0,24611,2015-08-10 08:27:33:812
-0.636,0.4553,-9.8595,-0.3035,0.4031,-9.7938,-0.1519,-0.1101,-0.0397,0.0268,-0.0251,0.1599,6.0,-30.95,-90.11,69.76,200.84,-2.36,178.23,4.0,62.815,32.77658,35.005676,,303.5619507,,28.855,,0 / 0,24711,2015-08-10 08:27:33:912
-0.5546,0.3285,-9.8283,-0.4027,0.4386,-9.7887,-0.1519,-0.1101,-0.0397,0.1185,0.0495,-0.0063,6.0,-30.95,-90.11,69.76,200.84,-2.36,178.23,4.0,62.815,32.77658,35.005676,,303.5619507,,28.855,,0 / 0,24811,2015-08-10 08:27:34:012
-0.0159,0.5559,-9.9121,-0.3506,0.3807,-9.793,0.3347,0.1752,-0.1191,0.1185,0.0495,-0.0063,6.0,-30.88,-90.28,68.4,201.23,-2.56,177.64,4.0,65.44,32.77658,35.005676,,303.5619507,,28.855,,0 / 0,24911,2015-08-10 08:27:34:112
-0.3726,0.3668,-9.8858,-0.3231,0.3434,-9.7954,-0.0495,0.0233,-0.0904,0.0705,0.026,0.0661,6.0,-30.66,-90.69,67.87,200.72,-2.22,177.95,4.0,65.44,32.77658,35.005676,,303.5619507,,28.855,,0 / 0,25011,2015-08-10 08:27:34:212
-0.3726,0.3668,-9.8858,-0.3231,0.3434,-9.7954,-0.0495,0.0233,-0.0904,0.0673,-0.0059,-0.0734,6.0,-30.66,-90.69,67.87,200.72,-2.22,177.95,4.0,65.44,32.77658,35.005676,,303.5619507,,28.855,,0 / 0,25111,2015-08-10 08:27:34:312
-0.3534,0.1537,-10.0151,-0.2961,0.2423,-9.7993,-0.0573,-0.0886,-0.2158,-0.0232,-0.039,-0.0436,6.0,-30.43,-91.08,68.1,199.99,-2.01,178.11,4.0,62.795,32.77658,35.005676,,303.5619507,,28.855,,0 / 0,25212,2015-08-10 08:27:34:413
-0.2792,0.2925,-10.039,-0.3508,0.274,-9.7966,0.0715,0.0186,-0.2424,-0.0232,-0.039,-0.0436,6.0,-30.36,-90.6,68.28,199.73,-1.42,178.27,4.0,62.795,32.77658,35.005676,,303.5619507,,28.855,,0 / 0,25312,2015-08-10 08:27:34:513
-0.2888,0.3763,-10.1731,-0.3772,0.312,-9.7945,0.0884,0.0643,-0.3786,-0.0541,-0.0219,-0.0414,6.0,-30.49,-90.58,68.72,200.02,-1.6,177.95,4.0,62.795,32.77658,35.005676,,303.5619507,,28.855,,0 / 0,25412,2015-08-10 08:27:34:613
-0.2888,0.3763,-10.1731,-0.3772,0.312,-9.7945,0.0884,0.0643,-0.3786,0.0045,-0.007,-0.0574,6.0,-30.49,-90.58,68.72,200.02,-1.6,177.95,4.0,64.305,32.77658,35.005676,,303.5619507,,28.855,,0 / 0,25512,2015-08-10 08:27:34:713
-0.4732,0.338,-9.9169,-0.4112,0.324,-9.7927,-0.0619,0.0141,-0.1242,0.0045,-0.007,-0.0574,6.0,-29.94,-90.51,68.47,200.15,-1.82,177.79,4.0,64.305,32.77658,35.005676,,303.5619507,,28.855,,0 / 0,25612,2015-08-10 08:27:34:813
-0.4372,0.4482,-10.0582,-0.4347,0.2878,-9.7929,-0.0025,0.1604,-0.2653,0.0045,-0.0134,-0.1096,6.0,-29.12,-89.61,68.03,199.94,-1.89,177.6,4.0,64.305,32.77658,35.005676,,303.5619507,,28.855,,0 / 0,25712,2015-08-10 08:27:34:913
-0.4372,0.4482,-10.0582,-0.4347,0.2878,-9.7929,-0.0025,0.1604,-0.2653,-0.0307,-0.023,-0.0489,6.0,-29.12,-89.61,68.03,199.94,-1.89,177.6,4.0,64.164,32.77658,35.005676,,303.5619507,,28.855,,0 / 0,25812,2015-08-10 08:27:35:013
-0.308,0.2183,-9.9217,-0.4568,0.2945,-9.7917,0.1489,-0.0762,-0.13,0.0098,-0.007,-0.0148,6.0,-28.9,-89.11,67.3,200.15,-1.68,177.46,4.0,64.164,32.77658,35.005676,,303.5619507,,28.855,,0 / 0,25912,2015-08-10 08:27:35:113
-0.4732,0.2566,-9.9313,-0.4585,0.2939,-9.7915,-0.0147,-0.0373,-0.1398,0.0098,-0.007,-0.0148,6.0,-28.31,-89.2,66.8,199.67,-1.72,177.33,4.0,64.164,32.77658,35.005676,,303.5619507,,28.855,,0 / 0,26012,2015-08-10 08:27:35:213
-0.5354,0.192,-10.0175,-0.4821,0.2928,-9.7905,-0.0533,-0.1009,-0.227,0.0204,-0.0262,0.0289,6.0,-27.88,-89.77,67.78,199.5,-1.72,177.32,4.0,63.906,32.77658,35.005676,,303.5619507,,28.855,,0 / 0,26112,2015-08-10 08:27:35:313
-0.5354,0.192,-10.0175,-0.4821,0.2928,-9.7905,-0.0533,-0.1009,-0.227,-0.0115,-0.0134,-0.0052,6.0,-27.88,-89.77,67.78,199.5,-1.72,177.32,4.0,63.906,32.77658,35.005676,,303.5619507,,28.855,,0 / 0,26212,2015-08-10 08:27:35:413
-0.5186,0.4003,-9.9193,-0.4887,0.2869,-9.7903,-0.0299,0.1134,-0.129,-0.0115,-0.0134,-0.0052,6.0,-28.01,-89.82,68.15,199.59,-1.71,177.18,4.0,63.906,32.77658,35.005676,,303.5619507,,28.855,,0 / 0,26312,2015-08-10 08:27:35:513
-0.6431,0.2949,-9.893,-0.5198,0.2927,-9.7885,-0.1233,0.0022,-0.1044,0.0162,-0.0443,-0.0286,6.0,-28.6,-89.94,68.41,200.18,-1.68,177.14,4.0,58.955,32.77658,35.005676,,303.5619507,,28.855,,0 / 0,26411,2015-08-10 08:27:35:612
-0.6431,0.2949,-9.893,-0.5198,0.2927,-9.7885,-0.1233,0.0022,-0.1044,0.014,-0.0241,0.0108,6.0,-28.6,-89.94,68.41,200.18,-1.68,177.14,4.0,58.955,32.77658,35.005676,,303.5619507,,28.855,,0 / 0,26511,2015-08-10 08:27:35:712
-0.5857,0.1369,-9.9768,-0.5424,0.2768,-9.7878,-0.0432,-0.1399,-0.189,-0.1415,0.0154,-0.1948,6.0,-28.63,-89.96,68.4,200.31,-1.71,176.96,4.0,58.955,32.77658,35.005676,,303.5619507,,28.855,,0 / 0,26611,2015-08-10 08:27:35:812
-0.3606,0.417,-9.9864,-0.5427,0.3041,-9.787,0.1821,0.113,-0.1993,-0.1415,0.0154,-0.1948,6.0,-27.75,-89.64,67.7,199.8,-1.62,176.83,4.0,62.747,32.77658,35.005676,,303.5619507,,28.855,,0 / 0,26711,2015-08-10 08:27:35:912
0.0751,0.5152,-10.5634,-0.6059,0.5444,-9.7728,0.681,-0.0292,-0.7905,-0.3002,-0.1061,-0.6965,6.0,-27.16,-89.19,67.49,199.43,-1.78,176.83,4.0,62.747,32.77658,35.005676,,303.5619507,,28.855,,0 / 0,26811,2015-08-10 08:27:36:012
0.0751,0.5152,-10.5634,-0.6059,0.5444,-9.7728,0.681,-0.0292,-0.7905,-0.7849,-0.236,-1.8417,6.0,-27.16,-89.19,67.49,199.43,-1.78,176.83,4.0,62.747,32.77658,35.005676,,303.5619507,,28.855,,0 / 0,26912,2015-08-10 08:27:36:113
-1.019,1.1401,-9.7637,-0.9251,1.1329,-9.697,-0.094,0.0072,-0.0667,-0.7849,-0.236,-1.8417,6.0,-26.69,-88.92,67.74,200.09,-3.18,176.45,4.0,61.815,32.77658,35.005676,,303.5619507,,28.855,,0 / 0,27012,2015-08-10 08:27:36:213
-2.4508,1.4633,-8.2625,-1.5455,1.5972,-9.5515,-0.9053,-0.1339,1.289,-0.4717,-0.0773,-2.1528,6.0,-25.69,-89.27,67.04,201.71,-6.63,174.55,4.0,61.815,32.77658,35.005676,,303.5619507,,28.855,,0 / 0,27112,2015-08-10 08:27:36:313
-2.4508,1.4633,-8.2625,-1.5455,1.5972,-9.5515,-0.9053,-0.1339,1.289,0.372,0.4383,-1.8161,6.0,-25.69,-89.27,67.04,201.71,-6.63,174.55,4.0,61.815,32.77658,35.005676,,303.5619507,,28.855,,0 / 0,27212,2015-08-10 08:27:36:413
-1.4189,0.6565,-10.4245,-1.5157,1.0626,-9.6305,0.0968,-0.4061,-0.794,-0.5282,-0.3181,-2.7408,7.0,-22.73,-88.58,65.07,203.0,-9.37,170.81,4.0,61.24,32.77658,35.005676,,303.5619507,,28.855,,0 / 0,27312,2015-08-10 08:27:36:513
-1.7157,0.4889,-9.5482,-1.8142,0.8181,-9.6027,0.0985,-0.3292,0.0545,-0.5282,-0.3181,-2.7408,7.0,-18.82,-85.38,63.77,200.22,-6.22,171.06,4.0,61.24,32.77658,35.005676,,303.5619507,,28.855,,0 / 0,27411,2015-08-10 08:27:36:612
-1.7157,0.4889,-9.5482,-1.8142,0.8181,-9.6027,0.0985,-0.3292,0.0545,-0.3503,-0.3958,-1.5392,7.0,-18.82,-85.38,63.77,200.22,-6.22,171.06,4.0,61.24,32.77658,35.005676,,303.5619507,,28.855,,0 / 0,27511,2015-08-10 08:27:36:712
-1.6583,-0.0522,-9.9576,-2.4566,0.6949,-9.4686,0.7983,-0.7471,-0.489,-0.0435,0.0271,-1.0779,7.0,-16.15,-78.66,63.52,200.53,-4.79,169.3,4.0,71.674,32.77658,35.005676,,303.5619507,,28.855,,0 / 0,27611,2015-08-10 08:27:36:812
-2.2688,0.6996,-9.1675,-2.8289,0.3039,-9.385,0.5601,0.3956,0.2174,-0.0435,0.0271,-1.0779,5.0,-14.27,-70.56,63.73,203.95,-4.06,165.46,4.0,71.674,32.77658,35.005676,,303.5619507,,28.855,,0 / 0,27712,2015-08-10 08:27:36:913
-2.537,-1.4528,-10.0414,-2.4346,-0.3892,-9.4918,-0.1024,-1.0636,-0.5496,0.128,0.2359,-1.0193,5.0,-13.34,-63.49,63.23,206.58,-1.78,163.23,4.0,71.674,32.77658,35.005676,,303.5619507,,28.855,,0 / 0,27812,2015-08-10 08:27:37:013
-2.537,-1.4528,-10.0414,-2.4346,-0.3892,-9.4918,-0.1024,-1.0636,-0.5496,-0.1106,-0.121,0.0161,5.0,-13.34,-63.49,63.23,206.58,-1.78,163.23,4.0,64.601,32.77658,35.005676,,303.5619507,,28.855,,0 / 0,27912,2015-08-10 08:27:37:113
-2.4388,-0.4928,-9.5219,-2.0945,-0.7325,-9.5524,-0.3443,0.2397,0.0305,0.0087,0.1752,0.3175,5.0,-14.24,-57.4,63.05,206.25,2.27,165.61,4.0,64.601,32.77658,35.005676,,303.5619507,,28.855,,0 / 0,28011,2015-08-10 08:27:37:212
-1.1914,-0.4712,-10.0223,-2.0367,-0.5478,-9.5773,0.8453,0.0766,-0.445,0.0087,0.1752,0.3175,5.0,-16.74,-52.22,64.12,208.32,4.28,167.63,4.0,64.601,32.77658,35.005676,,303.5619507,,28.855,,0 / 0,28112,2015-08-10 08:27:37:313
-1.1914,-0.4712,-10.0223,-2.0367,-0.5478,-9.5773,0.8453,0.0766,-0.445,-0.1127,-0.0102,0.1247,5.0,-19.41,-49.27,65.01,211.57,3.2,167.99,4.0,60.437,32.77658,35.005676,,303.5619507,,28.855,,0 / 0,28211,2015-08-10 08:27:37:412
-1.8474,-0.3802,-10.0151,-1.9106,-0.4947,-9.6061,0.0631,0.1145,-0.409,0.0364,0.1272,0.1237,5.0,-19.41,-49.27,65.01,211.57,3.2,167.99,4.0,60.437,32.77658,35.005676,,303.5619507,,28.855,,0 / 0,28312,2015-08-10 08:27:37:513
-1.8642,-0.4353,-9.814,-1.8579,-0.3915,-9.6212,-0.0063,-0.0438,-0.1927,0.0364,0.1272,0.1237,5.0,-21.18,-48.6,65.47,212.64,2.89,168.75,4.0,60.437,32.77658,35.005676,,303.5619507,,28.855,,0 / 0,28412,2015-08-10 08:27:37:613
-2.1898,-0.6412,-9.577,-1.7346,-0.3994,-9.6438,-0.4552,-0.2418,0.0669,-0.0733,0.0452,0.0693,4.0,-22.08,-49.39,65.9,213.58,2.29,169.07,4.0,60.437,32.77658,35.005676,,303.5619507,,28.855,,0 / 0,28512,2015-08-10 08:27:37:713
-2.1898,-0.6412,-9.577,-1.7346,-0.3994,-9.6438,-0.4552,-0.2418,0.0669,-0.0328,0.0697,0.0395,4.0,-22.08,-49.39,65.9,213.58,2.29,169.07,4.0,62.752,32.77658,35.005676,,303.5619507,,28.855,,0 / 0,28611,2015-08-10 08:27:37:812
-1.675,-0.1456,-9.79,-1.6839,-0.3059,-9.6563,0.0088,0.1603,-0.1338,-0.0594,-0.0826,0.0054,4.0,-22.02,-50.58,66.42,211.95,2.33,169.8,4.0,62.752,32.77658,35.005676,,303.5619507,,28.855,,0 / 0,28712,2015-08-10 08:27:37:913
-1.7612,0.022,-9.5027,-1.6679,-0.2497,-9.6606,-0.0934,0.2717,0.1579,-0.0594,-0.0826,0.0054,4.0,-21.75,-50.95,66.64,212.09,1.79,170.11,4.0,62.752,32.77658,35.005676,,303.5619507,,28.855,,0 / 0,28811,2015-08-10 08:27:38:012
-2.0078,-0.1576,-9.7805,-1.7726,-0.1115,-9.6446,-0.2352,-0.0461,-0.1359,-0.0275,-0.0145,-0.001,4.0,-21.47,-51.81,67.09,210.92,1.46,170.2,4.0,72.13,32.77658,35.005676,,303.5619507,,28.855,,0 / 0,28913,2015-08-10 08:27:38:114
-2.0078,-0.1576,-9.7805,-1.7726,-0.1115,-9.6446,-0.2352,-0.0461,-0.1359,-0.0435,-0.0539,-0.0596,4.0,-21.47,-51.81,67.09,210.92,1.46,170.2,4.0,72.13,32.77658,35.005676,,303.5619507,,28.855,,0 / 0,29011,2015-08-10 08:27:38:212
-1.4548,0.0172,-9.7685,-1.7627,-0.1243,-9.6462,0.308,0.1416,-0.1223,-0.0435,-0.0539,-0.0596,4.0,-21.38,-52.71,67.41,211.39,0.65,169.59,4.0,72.13,32.77658,35.005676,,303.5619507,,28.855,,0 / 0,29111,2015-08-10 08:27:38:312
-1.4069,-0.0283,-10.1468,-1.839,-0.0316,-9.6326,0.4322,0.0033,-0.5142,-0.0733,-0.0134,0.0203,4.0,-21.16,-53.45,67.36,211.3,0.73,169.64,4.0,66.661,32.77658,35.005676,,303.5619507,,28.855,,0 / 0,29211,2015-08-10 08:27:38:412
-1.4069,-0.0283,-10.1468,-1.839,-0.0316,-9.6326,0.4322,0.0033,-0.5142,-0.0243,-0.0081,0.0416,4.0,-21.16,-53.45,67.36,211.3,0.73,169.64,4.0,66.661,32.77658,35.005676,,303.5619507,,28.855,,0 / 0,29312,2015-08-10 08:27:38:513
-2.0438,-0.0115,-9.6991,-1.8178,0.0153,-9.6368,-0.226,-0.0268,-0.0622,-0.0424,-0.0038,-0.0266,4.0,-20.85,-53.62,67.73,211.63,0.18,169.19,4.0,66.661,32.77658,35.005676,,303.5619507,,28.855,,0 / 0,29412,2015-08-10 08:27:38:613
-1.8666,0.01,-9.8044,-1.7943,0.0533,-9.641,-0.0723,-0.0432,-0.1634,-0.0424,-0.0038,-0.0266,4.0,-20.45,-53.68,67.9,210.9,-0.09,169.32,4.0,63.592,32.77658,35.005676,,303.5619507,,28.855,,0 / 0,29511,2015-08-10 08:27:38:712
-1.8666,0.01,-9.8044,-1.7943,0.0533,-9.641,-0.0723,-0.0432,-0.1634,0.0205,0.0196,0.1013,4.0,-20.45,-53.68,67.9,210.9,-0.09,169.32,4.0,63.592,32.77658,35.005676,,303.5619507,,28.855,,0 / 0,29612,2015-08-10 08:27:38:813
-1.7373,0.0459,-9.7541,-1.8268,0.0953,-9.6346,0.0895,-0.0494,-0.1196,-0.0435,-0.0358,0.0394,4.0,-20.52,-53.48,67.5,212.0,-0.31,169.46,4.0,63.592,32.77658,35.005676,,303.5619507,,28.855,,0 / 0,29712,2015-08-10 08:27:38:913
-2.1012,0.1106,-9.6751,-1.7942,0.1055,-9.6407,-0.3071,0.0051,-0.0344,-0.0435,-0.0358,0.0394,4.0,-20.82,-53.68,67.35,211.81,-0.56,169.26,4.0,62.902,32.77658,35.005676,,303.5619507,,28.855,,0 / 0,29812,2015-08-10 08:27:39:013
-1.9623,0.5703,-9.9217,-1.7295,0.2363,-9.6501,-0.2328,0.334,-0.2716,-0.167,0.1091,0.0874,4.0,-20.49,-53.94,67.64,211.05,-0.62,169.46,4.0,62.902,32.77658,35.005676,,303.5619507,,28.855,,0 / 0,29912,2015-08-10 08:27:39:113
-1.9623,0.5703,-9.9217,-1.7295,0.2363,-9.6501,-0.2328,0.334,-0.2716,-0.4493,0.0995,0.4325,4.0,-20.49,-53.94,67.64,211.05,-0.62,169.46,4.0,62.902,32.77658,35.005676,,303.5619507,,28.855,,0 / 0,30012,2015-08-10 08:27:39:213
-1.3782,0.8935,-10.0079,-1.5356,0.6988,-9.6605,0.1574,0.1947,-0.3475,-0.4909,0.1155,0.1055,4.0,-20.0,-54.09,67.9,211.13,-1.38,169.84,4.0,64.566,32.77658,35.005676,,303.5619507,,28.855,,0 / 0,30112,2015-08-10 08:27:39:313
-1.0885,1.8344,-10.233,-1.3212,1.383,-9.6184,0.2327,0.4515,-0.6146,-0.4909,0.1155,0.1055,4.0,-19.52,-55.15,68.42,211.17,-4.09,170.97,4.0,64.566,32.77658,35.005676,,303.5619507,,28.855,,0 / 0,30212,2015-08-10 08:27:39:413
-1.0885,1.8344,-10.233,-1.3212,1.383,-9.6184,0.2327,0.4515,-0.6146,-0.9159,0.254,0.2791,4.0,-19.52,-55.15,68.42,211.17,-4.09,170.97,4.0,64.566,32.77658,35.005676,,303.5619507,,28.855,,0 / 0,30312,2015-08-10 08:27:39:513
-0.4971,3.3691,-9.213,-0.9987,2.368,-9.464,0.5016,1.0011,0.2509,-2.1058,0.2465,0.2653,4.0,-19.79,-57.5,68.64,211.76,-8.11,172.18,4.0,60.742,32.77658,35.005676,,303.5619507,,28.855,,0 / 0,30412,2015-08-10 08:27:39:613
-0.6862,5.4185,-7.3791,-0.5668,4.2965,-8.797,-0.1194,1.122,1.418,-2.1058,0.2465,0.2653,4.0,-20.95,-61.06,68.65,213.09,-13.97,173.98,4.0,60.742,32.77658,35.005676,,303.5619507,,28.855,,0 / 0,30512,2015-08-10 08:27:39:713
-0.1212,6.7162,-7.9513,-0.3792,6.1289,-7.6462,0.258,0.5873,-0.3051,-1.7841,0.1421,-0.0692,4.0,-23.03,-66.02,68.02,222.1,-25.98,176.31,4.0,60.742,32.77658,35.005676,,303.5619507,,28.855,,0 / 0,30611,2015-08-10 08:27:39:812
-0.1212,6.7162,-7.9513,-0.3792,6.1289,-7.6462,0.258,0.5873,-0.3051,-1.8128,0.1645,-0.1545,4.0,-23.03,-66.02,68.02,222.1,-25.98,176.31,4.0,74.005,32.77658,35.005676,,303.5619507,,28.855,,0 / 0,30711,2015-08-10 08:27:39:912
-0.3319,8.2988,-5.5308,-0.3891,7.8802,-5.8242,0.0572,0.4185,0.2934,-1.6967,0.1347,0.2216,4.0,-24.74,-73.64,65.8,238.44,-38.68,177.16,4.0,74.005,32.77658,35.005676,,303.5619507,,28.855,,0 / 0,30811,2015-08-10 08:27:40:012
-0.9592,8.7369,-2.9426,-0.2894,9.0824,-3.6872,-0.6698,-0.3455,0.7446,-1.6967,0.1347,0.2216,5.0,-25.74,-82.89,61.92,267.93,-53.47,176.18,4.0,74.005,32.77658,35.005676,,303.5619507,,28.855,,0 / 0,30911,2015-08-10 08:27:40:112
-0.9592,8.7369,-2.9426,-0.2894,9.0824,-3.6872,-0.6698,-0.3455,0.7446,-1.2088,0.0463,0.2855,5.0,-25.74,-82.89,61.92,267.93,-53.47,176.18,4.0,63.314,32.77658,35.005676,,303.5619507,,28.855,,0 / 0,31011,2015-08-10 08:27:40:212
0.0608,9.7616,-1.1111,-0.0741,9.6256,-1.8738,0.1348,0.136,0.7627,-0.8775,0.1176,-0.0149,5.0,-26.19,-92.33,56.0,296.52,-67.84,175.51,4.0,63.314,32.77658,35.005676,,303.5619507,,28.855,,0 / 0,31115,2015-08-10 08:27:40:316
0.0105,9.8167,-0.0528,0.16,9.7911,-0.5273,-0.1495,0.0256,0.4745,-0.8775,0.1176,-0.0149,5.0,-26.17,-100.41,48.43,314.03,-78.98,177.74,4.0,63.314,32.77658,35.005676,,303.5619507,,28.855,,0 / 0,31212,2015-08-10 08:27:40:413
0.1853,9.9268,0.8833,0.3151,9.8016,0.0126,-0.1299,0.1252,0.8707,-0.5644,-0.0027,-0.0202,9.0,-26.86,-106.64,41.71,341.98,-86.78,-163.12,4.0,63.8,32.77658,35.005676,,303.5619507,,28.855,,0 / 0,31311,2015-08-10 08:27:40:512
0.1853,9.9268,0.8833,0.3151,9.8016,0.0126,-0.1299,0.1252,0.8707,-0.1883,-0.0219,0.1576,9.0,-26.86,-106.64,41.71,341.98,-86.78,-163.12,4.0,63.8,32.77658,35.005676,,303.5619507,,28.855,,0 / 0,31412,2015-08-10 08:27:40:613
0.5228,10.0417,0.529,0.3608,9.7906,0.4268,0.1621,0.2511,0.1022,-0.0839,-0.024,-0.065,9.0,-27.72,-110.58,36.77,58.96,-88.16,-87.72,4.0,63.8,32.77658,35.005676,,303.5619507,,28.855,,0 / 0,31512,2015-08-10 08:27:40:713
0.554,9.8957,0.5266,0.4594,9.7734,0.6623,0.0946,0.1223,-0.1357,-0.0839,-0.024,-0.065,9.0,-28.32,-112.68,33.89,108.28,-86.73,-40.21,4.0,67.814,32.77658,35.005676,,303.5619507,,28.855,,0 / 0,31612,2015-08-10 08:27:40:813
0.554,9.8957,0.5266,0.4594,9.7734,0.6623,0.0946,0.1223,-0.1357,0.0301,-0.1849,-0.0426,10.0,-28.32,-112.68,33.89,108.28,-86.73,-40.21,4.0,67.814,32.77658,35.005676,,303.5619507,,28.855,,0 / 0,31712,2015-08-10 08:27:40:913
0.1326,9.6922,0.5649,0.3831,9.7751,0.6865,-0.2505,-0.0829,-0.1217,0.1611,-0.0986,0.0895,10.0,-29.19,-113.42,32.1,114.33,-85.29,-34.75,4.0,67.814,32.77658,35.005676,,303.5619507,,28.855,,0 / 0,31811,2015-08-10 08:27:41:012
0.5109,9.697,0.5864,0.4749,9.777,0.5947,0.0359,-0.0801,-0.0082,0.1611,-0.0986,0.0895,10.0,-29.39,-114.0,31.36,118.59,-85.4,-29.16,4.0,64.927,32.77658,35.005676,,303.5619507,,28.855,,0 / 0,31912,2015-08-10 08:27:41:113
-0.0446,9.9867,1.1036,0.6358,9.7769,0.4197,-0.6804,0.2098,0.6838,0.1451,-0.1029,0.2599,10.0,-29.28,-114.67,31.07,109.69,-85.55,-38.61,4.0,64.927,32.77658,35.005676,,303.5619507,,28.855,,0 / 0,32012,2015-08-10 08:27:41:213
-0.0446,9.9867,1.1036,0.6358,9.7769,0.4197,-0.6804,0.2098,0.6838,-0.0211,0.0633,0.2386,11.0,-29.28,-114.67,31.07,109.69,-85.55,-38.61,4.0,64.927,32.77658,35.005676,,303.5619507,,28.855,,0 / 0,32112,2015-08-10 08:27:41:313
1.0065,9.5078,-0.139,0.6602,9.7802,0.2852,0.3463,-0.2723,-0.4242,-0.2171,0.0378,-0.081,11.0,-29.73,-114.74,30.87,91.35,-85.54,-56.57,4.0,62.874,32.77658,35.005676,,303.5619507,,28.855,,0 / 0,32212,2015-08-10 08:27:41:413
1.0136,10.4009,0.019,0.6479,9.7752,0.4387,0.3657,0.6256,-0.4197,-0.2171,0.0378,-0.081,11.0,-29.86,-114.2,30.7,80.37,-85.79,-66.64,4.0,62.874,32.77658,35.005676,,303.5619507,,28.855,,0 / 0,32312,2015-08-10 08:27:41:513
1.0136,10.4009,0.019,0.6479,9.7752,0.4387,0.3657,0.6256,-0.4197,-0.2256,0.139,0.0863,11.0,-29.86,-114.2,30.7,80.37,-85.79,-66.64,4.0,62.874,32.77658,35.005676,,303.5619507,,28.855,,0 / 0,32412,2015-08-10 08:27:41:613
0.7599,9.7856,1.082,0.5691,9.7547,0.8302,0.1908,0.0308,0.2518,0.0184,-0.3308,0.0234,11.0,-30.17,-113.64,30.57,92.24,-85.42,-55.9,4.0,70.677,32.77658,35.005676,,303.5619507,,28.855,,0 / 0,32512,2015-08-10 08:27:41:713
0.3744,9.5557,1.197,0.4929,9.7613,0.8012,-0.1185,-0.2056,0.3958,0.0184,-0.3308,0.0234,11.0,-30.73,-112.74,30.28,113.82,-84.11,-34.43,4.0,70.677,32.77658,35.005676,,303.5619507,,28.855,,0 / 0,32612,2015-08-10 08:27:41:813
-0.4516,9.6419,1.1227,0.4449,9.7553,0.8971,-0.8965,-0.1134,0.2257,-0.0296,0.2732,-0.0128,11.0,-30.95,-113.07,29.55,115.51,-84.5,-31.6,4.0,70.677,32.77658,35.005676,,303.5619507,,28.855,,0 / 0,32713,2015-08-10 08:27:41:914
-0.4516,9.6419,1.1227,0.4449,9.7553,0.8971,-0.8965,-0.1134,0.2257,0.2879,-0.1071,0.0255,11.0,-30.95,-113.07,29.55,115.51,-84.5,-31.6,4.0,76.026,32.77658,35.005676,,303.5619507,,28.855,,0 / 0,32812,2015-08-10 08:27:42:013
0.779,9.6754,-0.1366,0.5053,9.7787,0.5391,0.2737,-0.1032,-0.6758,-0.1404,0.1656,-0.0607,12.0,-30.78,-113.69,29.13,120.33,-84.14,-26.38,4.0,76.026,32.77658,35.005676,,303.5619507,,28.855,,0 / 0,32912,2015-08-10 08:27:42:113
0.4366,9.6204,0.596,0.5116,9.78,0.5085,-0.075,-0.1597,0.0875,-0.1404,0.1656,-0.0607,12.0,-30.57,-113.63,28.86,101.39,-85.68,-43.15,4.0,76.026,32.77658,35.005676,,303.5619507,,28.855,,0 / 0,33012,2015-08-10 08:27:42:213
0.4366,9.6204,0.596,0.5116,9.78,0.5085,-0.075,-0.1597,0.0875,-0.2245,0.1475,-0.0203,12.0,-30.57,-113.63,28.86,101.39,-85.68,-43.15,4.0,72.294,32.77658,35.005676,,303.5619507,,28.855,,0 / 0,33111,2015-08-10 08:27:42:312
0.0512,9.5294,0.8139,0.4334,9.7686,0.7441,-0.3822,-0.2393,0.0697,0.0929,-0.0837,0.0756,12.0,-30.29,-113.39,29.64,100.91,-85.78,-45.18,4.0,72.294,32.77658,35.005676,,303.5619507,,28.855,,0 / 0,33212,2015-08-10 08:27:42:413
0.6186,9.8023,0.9288,0.4434,9.7655,0.7784,0.1752,0.0368,0.1504,0.0929,-0.0837,0.0756,13.0,-30.3,-112.85,29.87,116.79,-84.96,-30.21,4.0,72.294,32.77658,35.005676,,303.5619507,,28.855,,0 / 0,33311,2015-08-10 08:27:42:512
0.7862,9.9244,0.4093,0.5754,9.7676,0.656,0.2108,0.1568,-0.2468,0.0727,0.074,0.0777,13.0,-30.68,-112.8,29.49,116.0,-84.76,-29.67,4.0,70.301,32.77658,35.005676,,303.5619507,,28.855,,0 / 0,33413,2015-08-10 08:27:42:614
0.7862,9.9244,0.4093,0.5754,9.7676,0.656,0.2108,0.1568,-0.2468,-0.1393,-0.0198,-0.0767,13.0,-30.68,-112.8,29.49,116.0,-84.76,-29.67,4.0,70.301,32.77658,35.005676,,303.5619507,,28.855,,0 / 0,33514,2015-08-10 08:27:42:715
0.7335,9.5701,0.7828,0.5938,9.7676,0.6397,0.1398,-0.1975,0.1431,0.0343,0.0271,-0.0096,13.0,-31.74,-112.65,29.16,103.99,-84.9,-41.25,4.0,70.301,32.77658,35.005676,,303.5619507,,28.855,,0 / 0,33613,2015-08-10 08:27:42:814
0.3576,9.6132,0.5697,0.574,9.7686,0.6421,-0.2164,-0.1555,-0.0724,0.0343,0.0271,-0.0096,12.0,-32.05,-113.17,29.71,103.18,-84.89,-42.87,4.0,76.888,32.77658,35.005676,,303.5619507,,28.855,,0 / 0,33712,2015-08-10 08:27:42:913
0.3576,9.6132,0.5697,0.574,9.7686,0.6421,-0.2164,-0.1555,-0.0724,0.1622,-0.0879,0.0745,12.0,-32.05,-113.17,29.71,103.18,-84.89,-42.87,4.0,76.888,32.77658,35.005676,,303.5619507,,28.855,,0 / 0,33812,2015-08-10 08:27:43:013
0.7718,9.7425,0.4907,0.6737,9.7749,0.4075,0.0982,-0.0325,0.0832,0.1345,-0.1721,-0.0373,12.0,-31.96,-113.79,29.74,104.14,-84.96,-41.8,4.0,76.888,32.77658,35.005676,,303.5619507,,28.855,,0 / 0,33912,2015-08-10 08:27:43:113
0.6401,9.7305,0.2345,0.7265,9.7779,0.1845,-0.0863,-0.0474,0.05,0.1345,-0.1721,-0.0373,12.0,-32.26,-114.37,29.7,86.39,-85.4,-58.83,4.0,76.061,32.77658,35.005676,,303.5619507,,28.855,,0 / 0,34012,2015-08-10 08:27:43:213
0.3935,9.6299,0.0453,0.6466,9.7824,0.2331,-0.253,-0.1525,-0.1878,0.0535,-0.0453,-0.0096,10.0,-32.36,-114.58,30.01,68.21,-85.62,-75.75,4.0,76.061,32.77658,35.005676,,303.5619507,,28.855,,0 / 0,34112,2015-08-10 08:27:43:313
0.3935,9.6299,0.0453,0.6466,9.7824,0.2331,-0.253,-0.1525,-0.1878,0.0546,-0.0379,0.0457,10.0,-32.36,-114.58,30.01,68.21,-85.62,-75.75,4.0,76.061,32.77658,35.005676,,303.5619507,,28.855,,0 / 0,34212,2015-08-10 08:27:43:413
0.7886,9.7927,0.2752,0.6876,9.7805,0.1953,0.101,0.0123,0.0799,-0.1148,0.1304,0.001,10.0,-31.78,-114.47,31.11,73.9,-85.98,-70.17,4.0,76.061,32.77658,35.005676,,303.5619507,,28.855,,0 / 0,34312,2015-08-10 08:27:43:513
0.6689,9.6706,-0.1223,0.723,9.7757,0.2882,-0.0542,-0.105,-0.4105,-0.1148,0.1304,0.001,10.0,-31.62,-113.99,32.01,70.92,-85.82,-74.15,4.0,72.063,32.77658,35.005676,,303.5619507,,28.855,,0 / 0,34412,2015-08-10 08:27:43:613
0.6689,9.6706,-0.1223,0.723,9.7757,0.2882,-0.0542,-0.105,-0.4105,-0.0029,0.1304,-0.0352,10.0,-31.62,-113.99,32.01,70.92,-85.82,-74.15,4.0,72.063,32.77658,35.005676,,303.5619507,,28.855,,0 / 0,34511,2015-08-10 08:27:43:712
0.4654,9.6323,-0.2444,0.7043,9.7788,0.2198,-0.239,-0.1465,-0.4642,-0.1286,0.1326,-0.0533,10.0,-31.22,-114.01,32.06,79.22,-85.45,-68.27,4.0,72.063,32.77658,35.005676,,303.5619507,,28.855,,0 / 0,34611,2015-08-10 08:27:43:812
0.8844,9.7903,0.1315,0.6651,9.7806,0.2587,0.2192,0.0097,-0.1272,-0.1286,0.1326,-0.0533,10.0,-31.35,-114.21,31.87,73.98,-85.69,-72.67,4.0,71.18,32.77658,35.005676,,303.5619507,,28.855,,0 / 0,34712,2015-08-10 08:27:43:913
0.3409,9.8478,0.0429,0.6391,9.7778,0.3931,-0.2982,0.07,-0.3502,-0.085,0.0782,0.0191,10.0,-31.52,-114.35,31.91,76.59,-85.83,-68.75,4.0,71.18,32.77658,35.005676,,303.5619507,,28.855,,0 / 0,34812,2015-08-10 08:27:44:013
0.3409,9.8478,0.0429,0.6391,9.7778,0.3931,-0.2982,0.07,-0.3502,-0.183,0.0995,-0.0405,10.0,-31.52,-114.35,31.91,76.59,-85.83,-68.75,4.0,71.18,32.77658,35.005676,,303.5619507,,28.855,,0 / 0,34912,2015-08-10 08:27:44:113
-0.1308,9.4815,1.1706,0.5692,9.773,0.5772,-0.7,-0.2915,0.5935,0.0205,0.026,-0.0032,10.0,-31.88,-114.87,31.65,87.84,-85.61,-58.41,4.0,77.174,32.77658,35.005676,,303.5619507,,28.855,,0 / 0,35012,2015-08-10 08:27:44:213
0.4678,9.6994,0.7373,0.6587,9.7689,0.5505,-0.1909,-0.0696,0.1867,0.0205,0.026,-0.0032,10.0,-31.95,-115.03,31.23,101.55,-85.26,-44.6,4.0,77.174,32.77658,35.005676,,303.5619507,,28.855,,0 / 0,35112,2015-08-10 08:27:44:313
0.4678,9.6994,0.7373,0.6587,9.7689,0.5505,-0.1909,-0.0696,0.1867,-0.0168,0.0101,-0.0597,10.0,-31.95,-115.03,31.23,101.55,-85.26,-44.6,4.0,77.174,32.77658,35.005676,,303.5619507,,28.855,,0 / 0,35211,2015-08-10 08:27:44:412
0.4773,9.5605,0.6199,0.5861,9.7695,0.6168,-0.1088,-0.209,0.0031,0.0429,-0.0059,-0.0107,10.0,-31.73,-114.73,30.62,96.96,-84.98,-50.11,4.0,69.636,32.77658,35.005676,,303.5619507,,28.855,,0 / 0,35311,2015-08-10 08:27:44:512
0.6425,9.6132,0.5601,0.592,9.7707,0.5912,0.0506,-0.1576,-0.0311,0.0429,-0.0059,-0.0107,10.0,-31.94,-114.45,30.19,102.34,-85.02,-43.54,4.0,69.636,32.77658,35.005676,,303.5619507,,28.855,,0 / 0,35412,2015-08-10 08:27:44:613
0.5444,9.7377,0.517,0.5975,9.7707,0.5878,-0.0531,-0.0331,-0.0708,-0.004,-0.0059,-0.0288,10.0,-31.7,-114.63,30.18,100.81,-85.11,-45.04,4.0,69.636,32.77658,35.005676,,303.5619507,,28.855,,0 / 0,35511,2015-08-10 08:27:44:712
0.5444,9.7377,0.517,0.5975,9.7707,0.5878,-0.0531,-0.0331,-0.0708,0.0066,-0.0081,-0.0235,10.0,-31.7,-114.63,30.18,100.81,-85.11,-45.04,4.0,74.11,32.77658,35.005676,,303.5619507,,28.855,,0 / 0,35611,2015-08-10 08:27:44:812
0.5061,9.5988,0.4859,0.5773,9.7712,0.5991,-0.0712,-0.1724,-0.1133,-0.0072,-0.0059,0.0351,9.0,-31.18,-114.72,30.35,101.5,-85.1,-45.47,4.0,74.11,32.77658,35.005676,,303.5619507,,28.855,,0 / 0,35711,2015-08-10 08:27:44:912
0.4821,9.7377,0.5721,0.5821,9.7715,0.5905,-0.1,-0.0338,-0.0184,-0.0072,-0.0059,0.0351,9.0,-31.02,-114.75,30.67,103.56,-85.13,-43.94,4.0,74.11,32.77658,35.005676,,303.5619507,,28.855,,0 / 0,35812,2015-08-10 08:27:45:013